20-5205488,5613435516
57-1067151,5129053709
36-3673599,4267241782
95-1831116,2218136536
54-1282616,1689563175
59-3649371,821870206
43-1152398,806268745
13-3433452,649355353
36-2586390,625669625
31-6044264,582508645
13-3615533,539225309
04-2775991,464356613
52-1384139,420989296
26-2303250,366181053
13-3030229,344179991
23-7124261,342102742
13-1624046,326453880
56-2379862,319264097
41-6031510,301856819
01-0679337,297436709
52-1497470,290503839
91-6013536,283945398
47-3522162,274341513
13-1941627,265119422
52-1388917,264390893
95-3135649,249591297
94-2816342,247061110
23-7343119,244699070
13-6213516,241948484
36-2597741,234837764
77-0440090,230032578
13-3170676,222850188
13-5562976,217713685
56-6037615,216140511
75-1785357,213425483
86-0348306,211703650
13-2574854,207097711
04-2382027,200534609
22-2604963,194702159
23-7222333,193309210
95-4191698,187687168
13-4129457,187317028
59-2116576,185355600
83-1740146,181891970
61-0661137,177571007
52-0880375,169926666
04-2518368,168594430
20-0049703,167911116
43-1880952,167005980
77-0097156,164711379
13-3871360,162150933
36-2167854,156710679
39-6036407,151763598
52-1086761,148524292
82-1078462,145248164
13-3191113,144358199
43-1208665,143704850
52-1638592,143512899
43-1243999,139345487
94-1730465,135320966
62-1049447,133978627
23-7379332,131841355
52-0591691,131582653
77-0485881,131095448
94-3362724,130699963
94-2221305,130006757
13-1632524,129392936
13-1946868,127046434
47-3681860,123385939
27-3523909,122989223
72-0956468,115175910
94-2418054,115008160
52-1733698,114796662
94-2487469,114460200
68-0412350,113927306
94-3087060,113601389
13-1635294,113428823
53-0204616,112838964
87-3137387,111875075
59-6150746,110893672
38-2410852,108871575
63-0288846,107396497
23-7181456,107287718
93-0785786,106442657
59-2274772,102476776
52-0882226,100752656
23-7069110,100583862
41-0736870,99959255
06-1063025,98816890
41-1750692,98266975
01-0391479,98048575
73-1184980,97549817
13-1624178,96963224
95-3302967,95186380
04-2562646,94729966
45-1063515,94581174
53-0210807,94041688
20-4023482,92759575
36-3186328,92087073
38-2926476,91679704
42-1772557,91596868
32-0362611,91574545
23-1716750,90990309
41-0907857,90055832
52-0591576,88183927
94-1156258,88151036
23-7250641,87623690
58-2368165,86770336
31-6027287,86220290
94-1196195,86158342
95-4703838,84084998
04-2261109,83599694
94-3297479,83393172
56-2173215,83275604
54-1150923,83224269
11-2137138,82249010
57-0751835,81411655
94-6070996,80523563
20-0234163,80252841
22-2712160,79760072
13-3412540,78427074
38-3333202,78067850
13-6193105,78027022
23-1657958,78022148
54-1327878,77700683
02-0784790,76416139
94-3096716,73591009
39-1384593,73386617
13-1656667,72520806
23-2290505,71821574
13-1932384,70712462
59-1480970,70595389
86-0212873,69502602
33-0047994,67720545
23-7204495,66637978
82-2167556,66214216
56-1071085,66162811
23-7056987,64870186
04-2535767,64025005
13-2617681,63579225
42-1315493,63354358
13-3669731,63268204
35-1074747,63172595
32-0033325,62997478
53-0167933,62637504
26-2034843,62350567
75-6037853,62212429
53-0196517,61913793
53-0212445,61470763
84-1568566,61228597
36-2166947,61228263
46-5014769,61079810
62-0988294,61069795
58-1562750,60531771
52-1328557,60183871
23-7092671,59802843
95-1696732,59499339
95-1661688,59371127
74-2712770,59155631
57-0214572,59150520
51-0202349,59028188
23-2555950,58435083
13-2926426,57885476
26-1140201,57812679
52-1573446,57441920
20-1037643,57326783
39-0773970,57263610
91-0826037,56239363
27-5316628,55978916
04-2678774,55977934
52-1290127,55782044
22-2804785,55764041
20-2121739,55633961
94-3199117,55310099
95-1816023,55301593
86-0814898,55152190
74-2543881,54969083
94-2762269,54565333
39-1249426,54333478
56-1380796,54285368
52-1379661,54050067
52-1273585,53231207
23-1370498,53085773
54-0907624,53064019
36-2712912,53057014
20-1082179,53037104
63-0821997,52998579
47-2042581,52923721
04-2297514,52802901
63-0931846,52753616
26-0086305,52627529
94-1575233,52376605
56-1366233,52323308
94-1399287,51941094
13-1837418,51839195
94-0836580,51611688
23-7326030,51499585
27-2479414,51375016
75-0808768,51265658
85-1398171,51204063
47-0458128,51197578
04-3512550,51134505
04-3519203,51082057
38-2877959,51066997
68-0376587,51004614
13-1866796,50273391
94-1498472,50148984
75-0808774,50059410
77-0568469,49953069
23-7245152,49652396
13-1673104,49574913
84-0520493,49555010
74-1394920,49258253
62-1411210,49123264
94-2161304,48725620
95-1881491,48662185
95-3443276,48603238
13-6082763,48559200
53-0225165,48480006
62-0983983,48397887
31-1594197,48021492
54-6053660,47988009
16-0758844,47780826
65-1203744,47620076
74-2355411,47488942
95-1690975,47479306
01-0564355,47434480
22-3646125,47349262
04-3005094,47265255
16-1541024,47200303
27-0989006,47168163
26-2763038,46801634
58-1289174,46241712
87-1061849,46235572
93-0884929,46183252
95-1977659,46169493
38-3428219,46093154
13-3505428,45761308
95-6097416,45604611
04-3252955,45563468
31-1181284,45431477
59-3564329,45283405
95-6205398,45219615
04-2103922,45189768
95-1709293,45122114
13-4159765,45093906
13-3600232,44983722
95-1644024,44946146
73-1628382,44892397
58-2492929,44790052
61-0444640,44782294
36-3363171,44081313
13-6167177,43970504
94-1312311,43949984
44-0546278,43890370
52-0895622,43799827
13-2578670,43724114
01-0347504,43453136
23-7135845,42887836
47-1442997,42872028
53-0183181,42802063
41-0907046,42480608
54-1254491,42441504
53-0196552,42370093
32-0077563,42317102
06-1504413,42311196
77-0169214,42194834
94-3187528,42193426
27-3990987,42042342
41-2024986,41899008
23-7395681,41684799
22-3076454,41513584
06-1576405,41458493
52-1614576,41400640
83-1400442,41198488
84-1166148,41191880
95-4109386,41125286
45-5257937,41093385
01-0559608,40799256
72-0435081,40673538
52-2096845,40604855
52-1957214,40592191
23-1669589,40517893
54-1615454,40493708
52-1969967,40354963
13-2933675,40277389
84-1612422,40267174
27-1720480,40257630
91-1189249,40153392
58-1450139,40115958
13-3562071,40015161
80-0478843,40013749
05-0536854,39950026
91-2166435,39865015
54-1939556,39793171
13-3366846,39537069
59-2654440,39309635
43-1209344,39116294
62-1274532,39079457
52-1181448,38956871
91-0880684,38897444
54-1849891,38855948
36-2795409,38855480
23-7178820,38836963
23-7087608,38664221
85-3209787,38551891
41-1616861,38368250
31-1562134,38357245
36-4443093,38178610
54-0791977,38122947
74-2421560,38110165
74-1388420,38051355
16-0743045,37909785
95-1641426,37676823
42-1526614,37640315
23-7218859,37609581
34-1667990,37548229
36-3453183,37545157
52-6065757,37482212
94-2681765,37444566
22-1905062,37411876
56-0547499,37344111
54-1837741,37250721
04-2104754,37057328
13-3573852,37032621
46-0332149,37013950
72-1065318,36802762
59-2807815,36794893
35-2645251,36763800
23-7122879,36719898
27-3943866,36653414
04-2106765,36409751
95-2492427,36223972
94-1670490,36217909
48-1159633,36186856
43-0654866,36156227
56-0532314,36030346
13-5563028,36007350
74-1157373,35994603
36-4709977,35828788
59-2509116,35709975
51-0401308,35660414
22-2623089,35639314
20-0583415,35550794
43-0967292,35507108
23-1409677,35402318
94-6001984,35251899
94-3173571,35210905
94-2759879,35206795
56-1514058,35180731
95-3702136,35057821
23-6000149,34787671
06-0653142,34563252
41-1558711,34369814
86-0550646,34353301
04-3478123,34310202
31-0537138,34213891
47-0690207,34105411
95-2831058,33994479
75-3029336,33978565
22-1487275,33964570
52-1127007,33951883
68-0200138,33940327
75-2353393,33884225
59-0637867,33872569
11-1631747,33870328
63-0837956,33855843
52-1786332,33838941
13-3840394,33725316
25-1209266,33712828
13-1837442,33675150
91-0787084,33559822
76-0031827,33424349
62-1325543,33409513
81-0421243,33382833
58-1655184,33379671
26-1342579,33295008
13-2890727,32979466
22-1500529,32897853
94-2512284,32872425
65-0032862,32815073
98-0118876,32796076
95-3877793,32755610
13-5562202,32750647
38-2048765,32747612
94-2607722,32414608
52-0634411,32336820
30-0038860,32249676
38-1948285,32086453
59-1964612,31976428
43-0899356,31880750
84-1351483,31848432
52-1541501,31713249
86-0256667,31662926
04-2698497,31439793
13-1659345,31390401
41-1968798,31201183
94-2917999,31168233
26-1759681,31128437
95-1855640,31042175
34-0714652,30999535
11-2494808,30902975
95-3635496,30870436
22-2659560,30823108
52-1847976,30675941
13-3538961,30621048
23-7129564,30608340
56-1837620,30592327
41-1260581,30547585
46-1192687,30525715
23-7416272,30369685
94-2260626,30349510
95-1690974,30197316
52-2146673,30195634
59-1834379,30188706
52-1584936,30154665
23-7232208,30071909
95-1543396,29916512
75-2057692,29855581
13-3461695,29846599
94-1592676,29798676
75-0800634,29694811
95-1683861,29674182
75-0818172,29606729
80-0790222,29585342
74-2320657,29431817
36-2593545,29402363
34-1087615,29242242
27-1777117,29239466
06-1296692,29238420
23-7421892,29222210
45-3813436,29210184
93-0354176,29179947
38-2394044,29123532
33-0748536,28925228
31-0897638,28922737
61-0659583,28900392
94-3112338,28777753
94-2699571,28671006
04-2751023,28657996
04-6149986,28629801
47-2229589,28606630
52-1982223,28594144
85-0197752,28571341
36-3576073,28523400
36-6154098,28449427
56-0863474,28435944
59-1279497,28326480
31-1066881,28313694
51-0189400,28280492
95-1690988,28260751
23-1352265,28256226
16-1095750,28256004
23-7396710,28253913
43-2014630,28210005
43-0653618,28199996
30-0728021,28119627
38-2474879,28113535
23-2836648,28112600
88-0108496,27986369
44-0552079,27963583
94-6050231,27941301
33-0215585,27937401
86-1082880,27891927
43-1125281,27879182
91-0852503,27843318
36-2177140,27684203
34-0714338,27614727
52-1759564,27548245
59-2610345,27526902
04-2171186,27525942
94-2545356,27502678
74-2436920,27498121
23-2280560,27430533
20-1734070,27422767
94-2221849,27394642
20-5010527,27387443
23-1490061,27302147
58-0566123,27276380
94-3341034,27240222
26-2427526,27076985
74-2162248,27022757
25-1198158,26993736
58-0566236,26836460
58-1919768,26789896
20-3455598,26526932
05-0395601,26504097
42-6053860,26493454
77-0480427,26479917
42-0680425,26442012
55-0360199,26416852
95-2319356,26386517
75-2332948,26345029
75-2084961,26329429
47-4649648,26265610
20-4741060,26197697
91-2083484,26159382
74-1946756,26121886
13-1623838,26096101
73-0580283,26094881
26-2117502,26052125
87-0745629,26022257
11-3769438,26013416
75-2831756,25973083
52-0915574,25969354
06-0667607,25891910
74-2227731,25888290
77-0326685,25802721
59-2872225,25775210
52-1372972,25725278
26-2061324,25673993
95-1643396,25619554
86-2828908,25597442
23-7367533,25591458
53-0234290,25572571
33-1029843,25535375
46-1657101,25529583
13-1628180,25360828
36-2170817,25305594
85-0417347,25298598
59-1777567,25273511
95-4002138,25264129
94-3060756,25195025
83-1772542,25103494
95-4539765,25085744
75-1251128,25065055
44-6005481,24990216
74-2469139,24988848
35-1708240,24963976
64-0851798,24959106
30-1032421,24939807
36-2896025,24895067
31-4393712,24823088
93-0685734,24795044
23-7120815,24740470
52-1141804,24644874
22-3053747,24614571
76-0391401,24599598
48-0959213,24577284
25-1577930,24565424
81-3380647,24548359
91-0727076,24546044
84-0432950,24505109
52-1326357,24487255
95-3616628,24464496
23-7019679,24458851
23-2220051,24447894
74-2336171,24388782
94-3375666,24298067
58-1020547,24294845
02-0458174,24250570
51-0159122,24167448
75-0858360,24093553
91-0816827,24070895
91-0780533,24051543
41-1848081,24006067
58-0967972,23990110
43-1556416,23945473
95-3492461,23927952
81-4254457,23861868
93-0977166,23810492
34-1943865,23794645
68-0117241,23710873
76-0338721,23611554
23-1573806,23592424
95-4444102,23573245
34-1380074,23494834
23-7046229,23482768
39-0806445,23431201
20-3492620,23349252
56-1753180,23329525
36-3411437,23320527
56-1966466,23254717
23-1556045,23240167
52-1591398,23234500
01-0566033,23212771
32-0154392,23190166
65-0425069,23158308
22-2619869,23151101
26-1150699,23133635
94-1415317,23057296
62-0807696,23055951
23-2434447,23036446
05-0276059,23014896
71-0810999,22965303
04-3798875,22923237
36-2167771,22913855
38-2185735,22879423
76-0257018,22868062
52-1213010,22849273
36-4444200,22745158
74-2373217,22735671
20-8756660,22734403
23-6050758,22687519
22-1777156,22644437
76-0324875,22628550
95-2479552,22626490
33-0578620,22614981
23-7085960,22585521
54-0505969,22555711
94-1687847,22540665
95-3167869,22501510
74-1183095,22446270
26-1570590,22366734
46-4340594,22362245
86-0500753,22356024
56-0547482,22308559
95-4441208,22271426
56-0556755,22246893
59-0637848,22209603
95-3881333,22168805
38-1443367,22142594
84-1328829,22133831
61-0597273,22126950
26-2418959,22099634
95-3954057,22096413
94-2427088,22053004
94-2506933,21981853
86-0521062,21978699
74-1238418,21945629
38-2402635,21925651
94-3088881,21897783
52-0856660,21897167
04-3098024,21842562
41-1893645,21813800
04-3635313,21789241
52-0643040,21773020
81-6035382,21722189
31-1611583,21715515
74-1839536,21715289
23-7014485,21701877
06-0667605,21690019
26-2961334,21645314
13-5563010,21626042
93-0888347,21559451
32-0160439,21548788
83-0287513,21534093
94-2282759,21461748
84-1435420,21383160
76-0279876,21368993
91-1189908,21355241
13-5671639,21347864
46-2140915,21347280
62-0967197,21294693
95-2671260,21233220
95-3407054,21227627
35-6068234,21227261
38-1845444,21199299
41-1704734,21167274
81-4945849,21165566
23-1352293,21137897
59-0808854,21120938
04-3523528,21070243
65-0841384,21028896
31-1597223,20994562
13-1825919,20898719
94-2979073,20896855
94-1312348,20860247
22-3223641,20784215
47-0769903,20781363
22-3020486,20779074
20-8635797,20745366
23-7060561,20667962
94-3032394,20656685
95-2771715,20600881
59-1487190,20514261
93-1234625,20510824
77-0155997,20498462
58-2400285,20444719
06-6010477,20386624
38-2177886,20372727
75-2089180,20366937
47-0789054,20341905
59-2620322,20340353
94-3040607,20330373
36-2984043,20315146
99-0073521,20295958
13-3391210,20289363
95-4074660,20213342
51-0187791,20206962
45-2424130,20187859
36-2698644,20140432
35-1742559,20034403
45-5261907,20026304
48-1181305,19984016
95-4625826,19978876
37-1030764,19946586
45-4620000,19939747
94-3146280,19931597
33-0086043,19914005
30-0104507,19818161
94-6136365,19800891
38-3263853,19787959
82-1005719,19773564
94-3187806,19756515
59-3067752,19737935
04-3182053,19692109
95-4487664,19666355
95-1744392,19599136
04-3129839,19582305
52-6073157,19576339
27-4238843,19544787
51-0467167,19528644
91-0917079,19496133
36-3283625,19457975
91-0823767,19430368
54-1422298,19403587
94-2760764,19349341
72-1505359,19342769
38-1359243,19279987
27-3663856,19263508
11-2683663,19227738
23-2051143,19227577
23-7316001,19224620
36-2728618,19199758
41-1836919,19170053
52-6043929,19163734
46-2552575,19121990
04-2593591,19074510
02-6006033,19030593
94-3055602,18988869
87-0540039,18937034
30-0198705,18922637
99-6009889,18902860
36-3451562,18836412
13-3480246,18819868
31-1542209,18715073
58-1514406,18713081
41-0693910,18695880
52-1263996,18677601
59-2850410,18669195
23-7305963,18619634
04-2226199,18583549
77-0714052,18583289
95-1693538,18553972
43-0976396,18545815
95-2428657,18534453
81-4985512,18509125
22-2915188,18496836
91-0583891,18470665
95-4421521,18424426
58-1387871,18368279
94-1725620,18315156
23-7107958,18306595
73-0930123,18258576
86-0431878,18188703
39-1345572,18171141
26-1914515,18147451
54-0346118,18143166
23-2446355,18129605
94-2358632,18083359
13-2707665,18079167
84-6032307,18067931
58-1479212,18042993
43-1104134,18017450
61-0444842,18002221
47-0756970,17995649
59-2816580,17954380
23-7420660,17950451
59-3725701,17914764
75-1485951,17902037
52-1100361,17896785
47-3476140,17851896
72-0471369,17838416
27-3763547,17801769
54-2132153,17800426
65-0108974,17755764
04-2103714,17733553
56-2253814,17714777
91-6060940,17697163
46-1178146,17684167
27-4207843,17680686
43-0662471,17676549
54-0629691,17622374
95-1693616,17578567
71-0785162,17570755
84-0611876,17548546
73-0589829,17522723
59-2704597,17518413
95-3497070,17517725
23-7105149,17516532
20-3597185,17506319
73-0657931,17459296
94-3110973,17427941
81-0500256,17427104
86-0520997,17415422
54-1041459,17405193
39-0806314,17367092
36-2524984,17364858
31-1777082,17337400
94-1688163,17336495
46-2594689,17330154
94-1186169,17301817
62-1231591,17281079
11-3748466,17260099
93-0725294,17254642
36-2654558,17200407
74-2285793,17151643
52-1638207,17146929
95-3814898,17127596
94-3094966,17109127
82-1112859,17097328
54-2103707,17084213
57-0785431,17065294
74-2466103,17030481
74-1907867,17017718
64-0865274,16987703
36-3762123,16943178
91-0793597,16921304
41-1421522,16914107
13-1624111,16908625
54-1264177,16899550
43-0970674,16867812
93-1186020,16825456
35-1410757,16810333
47-1718432,16796933
94-1551410,16748924
62-1066198,16707423
31-1496646,16667407
53-0218650,16629553
74-2893360,16558377
64-6012238,16557458
41-0908458,16544974
93-0877807,16429682
20-4268851,16426499
52-2310500,16406660
20-2264584,16372091
04-3086666,16364119
76-0740457,16354391
52-1394893,16343535
36-2327271,16246364
06-0646592,16238720
36-3599110,16194875
52-1736502,16194669
13-5596792,16186377
39-1485020,16185357
41-0946789,16099693
27-4598398,16094407
74-6069951,16093175
38-1747660,16068018
39-1247667,16042150
13-3537710,16016349
36-4090773,15995268
81-3508420,15993046
52-1454182,15960669
23-7294685,15946241
23-7068704,15932160
06-1580427,15927798
58-0566190,15879843
04-3703020,15876976
51-0144434,15865480
43-0971560,15851429
52-1233092,15811076
13-2933654,15799453
76-0193812,15797172
36-2183809,15744483
13-2756320,15721661
74-2429518,15685384
93-0511171,15655975
20-3076690,15647679
23-1425035,15637637
94-3042571,15625492
03-0264362,15598692
94-1648949,15581119
94-1594250,15542320
94-3139952,15537014
76-0207084,15491182
04-2103548,15471886
58-1816778,15425420
20-0764162,15367074
93-1098105,15357642
62-0627921,15349949
13-1275970,15348722
51-0173390,15313227
59-2320573,15309003
74-3062511,15289025
41-0916478,15266660
94-1659687,15266538
42-0923813,15262424
26-4143394,15253165
42-1580163,15243125
53-0204621,15242489
77-0071852,15204408
13-4071318,15198182
13-3857387,15189546
13-2613479,15184911
22-3154028,15169268
13-3575492,15168776
57-0314418,15147057
23-7303509,15146880
43-1303328,15138357
25-1073139,15132156
36-2167082,15113158
06-0646593,15095005
26-1982661,15082951
59-1935485,15073772
20-4562686,15071176
22-3114280,15041931
26-0840496,15012155
16-0743930,14987718
77-0387535,14971452
13-5562161,14945621
23-1715152,14927015
74-1769114,14922059
75-1478918,14902299
46-4510365,14897275
38-2994229,14843118
38-1359593,14829723
68-0085804,14822990
71-0992446,14808996
33-0147739,14783808
11-6042392,14770315
52-0231554,14768397
41-1658654,14747823
27-4126970,14734349
91-1032846,14724825
75-3149095,14703120
95-2917933,14688054
01-0482628,14678045
46-4773036,14675675
52-1054102,14647750
22-2962532,14643864
57-6007869,14641008
04-2105756,14637192
58-0622971,14626085
59-2471253,14622438
74-2689943,14610399
84-1267213,14589769
74-2178563,14587002
23-2663699,14572551
94-1637699,14567882
93-0706892,14565649
94-6124054,14554313
74-1109644,14545283
23-7315006,14505053
22-2561771,14501013
36-3157600,14489395
52-1238026,14473654
84-0430495,14472963
56-1363464,14468662
94-1713897,14450132
23-7114952,14417252
13-1933825,14385319
52-2351337,14319773
35-1890547,14316615
61-0937079,14308687
42-1457548,14305955
33-0352148,14300091
91-0773187,14292500
52-0812433,14271991
13-4148824,14269364
20-5289168,14241631
81-0652266,14225346
93-0582124,14216654
57-0477907,14168453
56-0538016,14166802
95-2794253,14162040
52-0906599,14115250
35-2319441,14090679
36-3301526,14038900
72-1552165,13999794
68-0286382,13937473
04-3766364,13914137
52-2013526,13914024
64-0321520,13884075
23-7156531,13879337
74-2380446,13876321
44-0579903,13839591
94-2493158,13834479
58-2383669,13820713
23-1352026,13810227
35-1715910,13788230
65-0922489,13770126
95-3941342,13764478
47-1995566,13753598
52-1006486,13751590
59-2240502,13733660
13-3408731,13733111
80-0951255,13712748
52-2120012,13700028
36-2734184,13695995
06-0662134,13637224
52-1576352,13632134
58-6028607,13620973
94-2434026,13615244
26-3710746,13606627
52-1938443,13601733
58-1661795,13596501
84-1052916,13581012
04-2104757,13569592
02-0773717,13527972
23-7357234,13512937
75-0939427,13501294
31-1208260,13476247
11-2517055,13472335
13-1947735,13468546
56-1834887,13422408
16-6076384,13411984
22-2525437,13392453
54-1255013,13387869
22-2702285,13376433
23-2142644,13360678
23-1352336,13342474
59-2789167,13321823
59-0968249,13314523
91-1198391,13313194
01-0241767,13282477
54-0855731,13281706
26-1501109,13274460
22-2483475,13249471
94-2797447,13248839
06-1422248,13220629
20-4464054,13208486
95-2944459,13204246
43-0839302,13195865
20-3402627,13178426
38-2118101,13121460
76-0622208,13116207
94-2711707,13111647
23-2964829,13108258
61-0673886,13102096
75-2235660,13101018
37-0958448,13041290
82-2978635,13036321
33-0071782,13031401
63-0307960,13026394
59-1709542,13022310
23-7200739,13011283
93-0963546,12997193
94-3060709,12994900
16-1395992,12987614
22-2189072,12958309
36-3810926,12933979
23-7236986,12874224
13-3623815,12870414
43-6052680,12814564
31-0538515,12813405
62-0803601,12807946
95-2996648,12805929
25-0965407,12787096
58-0656890,12771837
46-0908502,12726930
23-1360867,12724900
31-4379496,12703434
06-0646653,12702734
22-2540853,12697458
84-0599572,12672196
75-1568798,12671195
94-1156301,12638499
86-0133718,12624674
75-1992728,12616170
59-1788265,12612370
47-2529408,12611627
45-1066585,12590476
59-2075982,12586061
52-1516692,12568964
52-1212849,12556474
76-0270942,12542144
04-2791159,12517391
83-0396815,12496884
93-1190792,12493024
27-0359097,12474827
59-6154976,12453721
43-1069741,12399724
13-3572287,12394316
95-4766001,12377100
31-0538511,12376472
46-2077931,12374341
95-4470909,12363939
38-2231279,12363938
59-0874493,12363414
23-1913286,12358574
25-1216330,12325655
41-1759477,12299851
51-0225189,12237721
46-0773284,12233470
77-0370874,12232910
95-1992702,12227472
06-1517218,12224104
59-1595398,12220909
95-2248462,12210235
93-0843521,12158372
75-2044117,12139498
13-3753011,12121023
38-1387136,12119660
35-1749398,12111911
04-2488502,12110427
52-1007373,12098781
26-3349334,12095666
74-1669131,12085569
23-7000150,12084757
36-2167096,12068031
04-3172401,12049370
26-3849472,12042496
13-6068327,12025472
94-3370994,12012761
26-0349475,11986942
58-1603427,11974916
94-3346127,11973523
34-1651217,11973267
86-0733182,11969146
46-3018925,11938678
72-1549994,11894639
23-7076465,11891142
76-0330447,11883719
72-0460816,11877015
53-0184647,11862561
56-1463611,11852837
23-7348277,11811244
71-0863908,11796534
22-2852248,11795930
75-1855620,11793188
77-0126783,11774972
35-0924720,11752911
41-1240048,11741856
73-1125389,11740152
74-1152607,11731344
13-3805406,11706994
93-0386885,11697820
94-3045180,11682993
23-1352290,11666704
32-0167398,11666201
52-1285097,11654260
32-0071651,11619190
56-0689235,11597256
11-6075952,11566627
74-1153957,11563637
76-0380602,11542239
36-4295421,11530049
25-1422682,11524650
23-2527210,11508194
04-2104844,11501010
43-0970991,11500052
22-2958508,11486131
04-2103979,11466472
56-1398498,11460660
47-4070026,11458795
03-0179436,11449784
94-3261846,11444526
95-2690539,11441559
61-0590743,11437357
94-2145930,11430799
31-0890152,11417646
80-0369895,11402884
23-7115003,11384976
59-1214353,11365377
30-0440226,11358918
59-1927289,11336416
31-1781635,11331346
13-3148295,11310796
56-0928743,11297403
23-7314808,11254179
23-7314838,11249621
58-1494098,11179036
56-0543244,11149397
52-1289203,11144645
58-0978781,11116636
84-1113831,11110162
41-2237951,11104104
73-1681366,11072530
59-1156260,11067426
75-1670281,11064141
59-1539957,11050841
47-4960735,11031023
52-1576801,10999090
55-0625915,10976611
65-0505369,10971815
58-2373779,10954285
47-0483506,10934705
20-5404353,10904733
52-1818273,10890366
59-1478621,10879168
22-2859005,10856424
95-4666712,10854261
23-7332048,10832966
47-0376529,10830640
54-1674992,10817973
33-0126481,10804360
27-2904497,10796825
94-3240841,10789806
61-0549561,10784827
84-1720344,10772558
41-1694717,10768734
74-2127841,10764247
95-1805520,10753187
43-1261264,10751478
94-2689383,10735451
74-1590387,10714400
25-1126094,10713817
27-4480214,10698488
56-1949103,10685118
75-2170035,10675697
36-0895575,10675098
56-2374305,10628893
25-1203882,10619948
85-0222386,10605933
54-1477799,10595777
52-1961588,10589662
04-2104231,10584211
94-3078431,10563292
95-2931931,10553529
36-3488628,10552420
74-2602504,10496490
22-1487247,10490738
41-0941924,10486776
26-1839249,10481518
75-1671920,10473617
01-0831698,10473003
36-3675494,10468502
94-3042565,10466463
31-1777710,10445531
14-1719016,10442755
26-2763535,10437480
47-0378995,10436899
23-2109376,10425352
77-0562800,10425000
26-3184971,10421768
94-1707583,10418326
13-1562656,10406800
41-1354181,10384942
52-1633220,10375096
91-0889016,10362915
13-3801864,10361588
39-1742974,10354475
54-1060924,10354078
27-2196347,10336911
59-2617151,10336236
76-0088702,10325392
56-2454573,10322774
95-3655288,10317382
23-7103245,10308439
13-1623998,10301397
16-0743047,10285845
13-1997636,10280091
43-1175749,10262500
26-0308665,10260176
95-4427291,10259307
21-0703075,10248308
74-1998367,10240827
13-3962840,10198645
26-1509133,10188118
27-1600444,10171466
43-1465268,10169762
23-1396803,10166077
77-0310310,10160313
41-2106721,10157505
52-0681147,10140010
98-0013401,10138483
24-0814118,10128194
81-0467431,10116488
27-5281234,10108472
52-1549572,10106680
95-2546170,10104163
13-3840271,10090048
13-1624235,10089202
43-0949079,10073262
22-2046926,10071608
39-1543541,10069545
45-2736163,10051232
03-0503570,10047490
93-0718337,10046812
94-3227261,10042724
72-1161001,10041582
38-1964643,10034005
73-1305668,10033283
91-2091094,10032093
94-2548556,10030416
20-0078855,10017598
93-0818160,10014381
59-0624410,9990914
36-3456061,9988803
23-7087774,9987149
94-1156639,9986732
59-3139801,9964810
06-6026005,9963793
23-7100704,9940394
34-1341788,9939919
71-0464321,9936122
36-2167939,9930658
33-1215331,9911582
51-0231573,9910378
59-2116280,9902693
38-1539984,9901885
01-0669150,9901294
26-1177785,9893346
52-1263256,9886814
94-2800442,9882317
56-1899564,9865432
52-1331552,9864370
52-1173590,9825942
95-2023244,9825327
52-1265361,9814628
54-2092145,9801406
39-1524326,9801223
11-3718005,9781530
82-3563111,9776985
13-1766596,9757664
86-0409636,9747962
27-0887311,9745576
42-6072050,9721079
75-0917409,9701445
13-5631502,9699451
94-6171319,9698497
94-3123953,9695945
45-2384209,9683835
04-6112600,9656912
52-1114225,9652744
93-1134865,9649220
52-1920603,9648122
16-0844808,9596282
31-1654076,9580029
92-0088266,9558407
59-1730478,9549497
21-0634556,9543737
25-1464177,9531813
93-0409105,9531388
77-0485946,9531237
54-1754009,9502783
04-6113130,9493249
58-2361483,9488443
61-1107296,9458031
91-0594684,9455947
43-1188096,9442187
46-1227433,9433305
94-2297147,9428062
93-1009305,9410499
13-3468427,9406757
84-0730973,9395162
36-4580402,9389935
47-2474086,9388614
31-0859104,9385088
74-2643545,9372995
13-3003112,9343625
84-1476535,9339757
95-1642393,9335045
58-1543388,9312752
22-2223109,9311177
45-3342634,9308856
13-3935309,9294963
56-2151678,9285181
01-6000802,9283612
62-0800756,9270024
76-0604478,9258803
87-0491952,9257931
41-2220807,9257218
94-2211685,9246764
39-1225709,9240725
23-7182780,9235602
38-1415401,9225583
94-3179772,9215891
22-1515405,9212770
20-2549984,9203092
75-1152657,9196738
52-0971440,9192932
36-4041525,9177000
74-1883434,9163673
81-5338932,9162565
58-0623603,9161083
06-0862072,9148102
84-0454115,9135892
13-4052259,9110423
33-0259190,9101598
54-1442466,9086978
52-1801849,9086807
38-1358056,9079234
95-3132674,9051356
84-1212246,9048471
23-6437695,9044283
33-0773524,9035812
45-3159170,9035509
06-1172535,9021681
20-8993652,9021043
47-0984801,9020569
95-2788014,9003877
54-1777157,8993169
94-2783401,8989326
52-2234595,8984163
75-2461679,8982810
58-0572434,8956958
94-1712371,8949079
94-3332630,8944569
51-0454157,8937190
68-0184712,8937072
11-3580024,8930242
26-3043727,8918064
95-1809576,8917182
31-6026285,8914508
95-3018799,8909542
13-4234305,8909191
73-0555125,8901872
81-5461345,8894996
93-1050144,8893922
59-1939655,8892773
94-1582429,8878414
93-0640525,8872920
61-0592561,8870243
93-1057296,8851894
02-0259874,8851535
45-3736821,8847770
33-0013237,8843523
42-1492988,8843429
26-1721255,8821074
22-1912812,8817551
74-6026198,8815437
26-1339988,8813623
23-7427817,8811426
59-1947024,8810849
23-7319371,8809180
52-1260698,8787591
74-1916260,8784105
04-2611726,8781564
94-2791699,8779457
54-1473207,8776012
73-1023474,8766660
35-1072577,8765401
36-2777027,8760292
76-0411778,8758861
94-3093354,8756277
95-2627645,8748491
38-1360592,8743795
54-0950714,8738746
27-5111197,8738088
83-0436453,8736448
38-3902709,8724660
58-0572410,8721800
35-1186290,8710917
38-2461102,8710851
23-7013563,8707199
76-0044172,8704582
58-1295754,8699770
94-3331587,8673815
22-2675802,8670164
25-1264376,8639753
45-3199958,8637574
52-1644869,8629484
04-2791314,8625489
04-2103652,8610061
58-0861895,8609898
94-2298681,8587321
56-1677831,8586637
52-1660746,8579763
22-3261282,8575459
47-1613050,8569248
38-2433400,8565457
94-3176007,8555959
81-5434098,8551677
22-3098727,8536862
23-7448729,8511480
33-0107971,8508406
36-4320533,8503495
59-1312245,8503035
56-2089788,8502653
95-4392004,8492805
46-1517800,8485132
23-7023900,8484787
20-5182295,8470010
59-2752895,8469178
54-0973221,8465673
35-1656579,8457089
39-1077614,8423609
36-3086133,8408870
82-0631497,8404030
39-1592769,8401610
23-7109922,8397518
95-3652529,8395220
23-2223552,8390956
22-3199269,8372447
41-1735501,8357521
74-2653402,8343918
94-1678938,8340809
81-0614816,8339552
95-2972669,8323346
84-0404239,8317607
59-3838549,8307558
94-2941068,8295226
56-1849598,8285064
37-1225690,8284503
13-3268539,8282136
27-1599804,8281328
91-1016974,8278360
84-0793576,8267089
86-0404687,8266561
52-1513535,8262432
81-1533528,8255680
13-6089816,8246893
42-0951757,8243520
46-2719381,8243412
34-1518873,8230654
94-3384153,8230541
59-2632361,8228127
59-1218100,8221648
52-2141497,8220603
76-0001309,8204113
74-6087356,8192816
27-1286258,8160954
23-7056717,8153095
03-0382773,8152493
20-2917263,8139127
54-6049848,8133394
74-2155218,8120322
52-6001558,8113297
35-2050168,8105772
72-0456903,8100843
23-7160437,8098868
23-1901014,8085410
26-2892934,8082572
20-8924520,8075903
25-6069264,8070781
20-0655240,8067705
62-1511959,8061223
95-3397369,8057681
91-0650669,8056312
58-1244138,8053096
33-0259359,8051768
95-3987142,8037007
06-1578214,8034593
38-3357709,8020589
43-1190760,8017708
38-1559941,8017617
23-2070710,8013168
83-1665288,8002936
58-1584758,7987544
91-1764008,7984943
04-2784985,7979220
13-5562362,7977686
37-1551109,7970874
82-5013506,7965796
04-2660283,7961454
46-2155826,7956314
13-3770472,7951148
94-1156270,7950655
20-3904662,7948570
22-2540856,7948455
56-2201835,7946339
20-1239616,7944885
36-4031325,7942281
01-0288363,7925176
44-0608429,7915635
22-2186490,7911603
39-1896823,7900118
84-2130536,7898596
85-6000484,7882180
52-0698385,7878527
75-1561599,7872054
75-1282040,7869523
04-2106173,7857415
33-0777892,7854291
58-1743333,7845958
93-0900119,7842749
20-3477309,7842420
23-7209691,7840368
23-7069060,7804019
26-1193832,7798267
94-3306223,7795035
58-1826782,7783709
47-0376624,7783651
22-2400593,7774367
57-0896524,7774313
36-3479964,7764335
82-5421304,7754867
46-0689949,7747207
53-0205423,7746929
54-0887738,7739364
63-0882628,7739319
52-1383374,7738858
86-0286420,7737830
58-1829807,7737502
95-1863666,7718669
38-6263347,7716635
54-0850780,7716633
52-1299641,7716353
22-1687995,7711903
46-3668128,7710849
74-2562585,7709768
52-1884438,7695284
57-0939280,7676378
95-4638631,7670113
52-1039553,7664023
26-4430860,7659292
43-1769074,7649655
81-0361047,7645533
47-3446334,7645252
94-1207695,7639146
52-1660473,7635444
27-0415900,7625355
87-0212472,7625116
20-3963417,7609738
84-0820308,7604480
52-1299516,7602541
95-4576023,7593126
43-6031234,7587422
95-6192466,7584204
76-0297531,7578919
13-4127229,7574668
26-3094076,7572356
58-1097003,7568843
23-2952488,7568170
91-1329433,7566827
52-1557765,7566112
75-2389095,7564621
25-1434643,7560705
23-7103042,7552051
04-3391788,7545393
71-0704088,7533231
22-3338917,7531925
05-0343046,7530754
95-3497926,7529800
59-3822764,7527257
13-2522784,7527165
22-3529691,7517144
44-0646347,7516233
80-0428040,7515329
74-1109660,7503653
06-1090211,7502599
52-1237297,7492415
52-1596259,7479394
23-7161796,7455392
95-3798792,7453552
83-2582279,7449733
94-6102833,7428510
42-1155559,7425217
23-7121174,7410722
31-1327938,7408685
91-0962383,7407915
38-2527968,7407281
84-0713739,7406195
45-2981579,7401761
46-1496217,7385775
54-1479059,7381131
51-0079778,7361490
35-1924268,7352197
36-3265804,7338720
22-1589199,7329502
36-4799986,7327574
91-1427020,7325768
59-3087085,7322901
27-3133601,7321499
95-3401090,7307281
52-1936144,7304563
39-1757756,7300810
41-1718834,7299433
46-3862392,7299106
04-2790069,7291406
13-1882114,7290234
81-2822877,7284666
22-1761128,7284181
13-3613210,7280519
86-0665712,7279107
43-1015585,7278364
94-3311628,7265817
58-1647546,7264096
04-2104057,7257009
95-2642747,7251573
86-0184349,7233481
74-1492692,7231861
52-2142708,7230185
38-1961500,7217128
58-1054331,7210753
57-0825025,7208080
59-0637870,7206936
47-0376612,7205973
36-3507623,7203550
91-0967255,7202280
74-2659746,7193393
26-1455510,7191384
91-1190193,7189637
75-2559765,7189497
23-7380554,7188761
42-6081638,7187886
38-2535537,7181704
45-4292692,7173277
80-0373801,7173171
74-2369123,7171815
38-1368362,7158688
31-1481653,7158052
94-6174016,7153520
36-4117530,7151418
13-3849263,7150796
91-0673185,7147858
06-1144355,7136874
26-3965524,7136222
11-2667800,7131985
26-3836207,7130153
95-2543819,7122704
75-1734175,7114415
35-1759503,7114001
58-1342479,7103435
03-0335768,7100109
52-1784938,7098758
31-0832354,7090380
91-2162645,7053619
58-1709436,7043688
94-1735064,7031738
20-0696786,7029213
94-1725204,7026415
56-1989197,7018606
13-1624154,7003733
43-0887779,6992652
91-0776451,6992293
26-0566540,6989171
52-1009973,6987184
38-2534222,6985063
94-3098879,6983679
23-2543677,6974085
41-2220810,6973339
27-2614911,6971216
65-0849190,6961167
74-2581297,6954395
58-1669937,6945979
59-0624376,6941947
45-1837673,6936504
43-1265685,6928096
91-0667886,6927038
84-1114455,6917288
30-0129320,6906902
84-0429686,6901163
59-1777135,6891063
33-0341665,6887996
52-1271179,6883640
84-1141078,6881419
11-3174514,6874345
45-3714703,6871045
59-3131199,6865821
23-7144268,6859351
54-0506493,6856926
59-1807551,6856743
95-2874089,6835764
20-0655144,6834716
54-1417126,6832379
22-3903993,6830121
91-2082308,6825566
91-2145992,6823664
20-8983607,6823271
51-0152395,6814482
54-1055050,6797376
20-0788352,6795716
93-6031009,6789073
13-3540337,6784767
46-3388438,6781086
41-6029315,6780269
42-1186501,6779811
23-7351081,6778643
95-4505737,6762640
45-2745669,6741323
20-0108493,6736211
03-0473181,6717299
13-3911331,6716163
36-2167949,6708539
41-2147486,6707917
35-0868954,6704030
65-0315664,6702989
43-1830354,6700813
13-3772904,6700624
06-0646577,6698403
73-1419279,6697564
31-1600869,6668109
34-1680201,6664105
59-0704733,6663252
27-3246473,6662059
01-0856384,6639401
01-0916973,6635517
52-1254489,6633175
58-0610382,6633080
39-1433107,6631152
58-2524601,6606779
27-3554088,6605828
83-1925775,6597228
20-0654235,6593620
95-1878858,6593352
26-4440905,6575161
36-3028768,6571408
46-1088977,6565939
23-7013607,6564214
84-1600797,6556464
52-1043444,6555415
94-3205455,6554595
94-1375835,6552831
52-1361731,6545967
51-0204577,6542506
91-2045918,6541152
94-2822559,6534823
95-3180934,6532887
74-1303721,6532684
13-4094385,6526425
72-0738045,6524338
38-3883213,6520504
56-0668555,6519162
06-0712017,6510135
76-0061208,6508427
36-3043662,6502011
84-6031503,6500342
84-1360261,6488399
39-0806321,6483716
56-1825247,6481866
84-0472090,6479986
99-0333370,6473487
95-3572493,6471956
84-1553195,6470575
51-0159357,6466908
61-1253346,6464588
75-2060900,6462557
26-3532803,6461540
46-4970867,6429091
95-4485745,6427259
23-7122908,6418307
04-2111550,6417685
59-1051699,6416898
58-1903219,6416650
33-0677938,6411912
34-2066826,6410814
39-1255868,6403349
04-2448579,6395082
94-2502229,6394455
52-1110645,6390283
80-0714882,6382179
39-1667442,6380793
04-2469627,6377028
36-3292607,6371445
13-4254191,6358831
58-1152807,6356386
68-0404081,6356060
23-2575901,6353979
71-0995500,6350555
74-2559514,6350039
20-2366755,6349882
23-7173492,6340111
22-2314861,6332555
44-0565392,6330555
58-2180056,6324154
45-4671349,6323820
11-2862256,6323052
80-0919680,6310521
52-1591461,6304830
52-1624852,6303577
36-2382849,6299231
39-1034054,6298642
54-1983817,6293778
39-1712663,6293369
61-0668572,6288527
54-1591635,6272637
57-0984185,6269591
91-0762805,6268355
56-0576157,6267887
58-2634738,6266594
94-3255845,6265889
74-1467811,6255506
46-5554558,6249623
23-2707419,6246904
81-2742073,6245321
95-4132414,6245230
43-0699783,6243726
20-1209795,6239726
27-5026293,6233797
95-4604782,6232655
36-4253176,6231376
13-1776711,6230295
23-7088811,6226314
80-0193388,6210702
94-1156856,6206049
80-0956961,6200210
61-1556042,6198246
36-2605412,6196616
58-9132803,6190152
52-1814447,6184557
85-3989363,6183574
43-0790330,6179669
86-0726985,6177730
84-0632406,6173573
86-0597661,6173408
62-1772291,6173338
54-0506330,6171770
76-0690847,6167472
68-0401509,6167404
23-7380557,6164478
11-3599459,6160222
39-0806262,6157567
75-6027740,6154479
94-2870828,6150873
06-1001527,6150320
94-2598560,6148069
36-3170408,6134565
52-1706526,6131357
26-1254255,6127811
43-0653270,6122602
13-3942063,6120996
94-3396568,6118295
36-2950283,6117645
01-0725431,6117568
63-0949219,6115968
56-1736992,6106003
22-2514148,6100392
91-2172676,6096745
59-3672453,6094723
22-2491675,6094141
23-6297362,6089729
27-5038533,6088336
59-0871446,6082199
52-2007028,6077996
84-1648607,6072389
93-1326405,6069985
58-1314556,6061197
71-0891642,6057104
22-3114500,6054060
52-2440116,6047317
91-1055331,6042720
61-1012290,6032212
16-1469952,6026670
36-4092893,6018777
36-2136497,6017620
59-2173085,6017256
23-6391184,6012891
56-1085131,6009696
62-1630417,6004080
56-1492432,5997637
59-2602772,5994211
45-0359167,5993141
68-0438008,5992471
54-1739621,5991669
95-2098575,5991441
94-3169008,5990530
34-6001636,5989422
26-1657951,5988087
95-3750694,5982889
33-0552297,5981568
73-1028332,5980589
98-1486281,5967981
74-2090278,5949704
04-3694151,5944678
06-0990195,5943488
46-3435417,5937979
26-2966263,5936619
33-0724945,5935176
22-2993054,5933047
99-0256258,5931772
56-0530008,5931366
30-0249717,5927294
22-2221899,5925170
36-3641017,5923649
75-2512752,5919275
27-5104203,5916633
13-3717310,5912916
31-1625484,5910643
94-3203203,5909359
59-2450043,5905075
20-0654472,5903300
36-2988023,5902925
13-4205042,5901883
46-0407140,5894231
54-1291021,5889166
52-1474935,5887390
58-2355072,5887236
54-1850819,5877668
23-7303693,5873119
22-2170048,5869966
93-0691187,5863441
13-3030257,5858740
30-0627106,5857780
95-3709253,5853115
84-4244790,5851622
35-1063368,5849208
52-1594258,5847340
91-1617032,5842177
58-1735543,5841965
77-0635938,5840310
23-7104524,5836934
56-1073632,5832556
56-1448955,5823081
11-2857055,5815236
81-2450800,5810265
61-1371540,5806991
94-3108575,5801909
94-3086885,5798177
23-1352609,5787838
23-1352052,5783567
39-1833482,5776773
13-2947616,5776585
58-1174393,5776155
52-2214361,5772217
23-7156720,5765567
91-1493474,5764794
33-0358660,5764698
51-0101188,5763285
38-3819049,5757971
75-2105579,5756628
94-2934014,5756018
23-7128611,5749311
59-0657327,5742541
23-7062028,5738899
41-1425264,5735316
22-2657737,5734886
04-3575764,5734581
90-0705496,5731956
56-0655425,5726168
80-0348382,5723489
46-3636238,5723231
47-0690286,5721468
74-1819910,5720581
58-2373395,5717009
39-1047205,5709765
13-3749744,5702295
76-0471755,5701103
95-4242175,5700314
74-2357788,5698140
04-3695294,5689195
88-0176914,5688153
74-2633697,5686697
52-0813371,5686563
34-1278377,5685770
53-0242938,5684338
59-2920275,5681284
62-0475702,5670254
56-0577626,5668770
27-2633827,5668464
30-0130066,5662832
41-1814112,5662588
25-1897969,5662381
27-0021804,5657767
01-0920922,5653056
58-1320613,5650674
75-0851201,5650574
26-2920798,5643004
99-0315193,5639876
13-3959056,5638155
54-0603502,5627347
94-1692171,5625624
22-1489900,5624542
94-3241464,5620018
87-0392380,5615909
72-0456901,5615764
74-6079583,5615742
23-7394104,5615395
38-3351777,5610036
38-1358235,5605464
45-4714238,5596199
68-0637054,5589458
65-0230079,5583419
23-7128309,5578220
75-1399992,5575729
57-1055054,5572457
74-2563411,5567567
52-2328626,5561437
58-1824440,5560104
43-4669846,5558972
20-0243438,5556922
59-3590360,5553314
65-0166352,5546089
36-3705951,5545489
23-2734689,5542999
74-2461534,5542564
47-1955601,5540793
04-2982308,5539923
65-0149423,5533190
86-1042378,5529371
43-1401328,5529328
47-4325738,5527215
51-0140419,5523415
47-0798343,5523330
81-5339041,5521647
95-3532351,5521056
46-2633171,5516521
52-1723716,5512925
23-7306337,5506991
56-1544532,5506576
91-0890276,5503875
51-0179305,5498739
52-1081024,5491808
94-3116602,5480543
54-0880043,5477841
20-4074712,5477829
62-1816811,5471555
26-1245799,5468491
41-1442049,5466280
95-4443878,5458487
94-2780274,5450961
23-7181846,5449737
88-0419638,5447968
26-3302837,5441788
75-1865122,5441283
23-1671903,5440689
06-1597902,5437858
26-4731843,5436961
39-1691578,5434169
27-1487442,5423538
75-2235135,5414124
94-2465081,5413708
95-1641960,5413597
84-1182631,5406313
36-3151279,5402017
61-1457145,5400451
82-1719128,5400208
34-1584728,5399056
20-5448416,5391289
30-0246731,5387992
58-0639811,5384686
45-2287926,5382954
80-0456174,5382086
94-1262434,5379792
47-1490574,5379211
35-1957191,5376999
65-0690368,5374874
93-0784800,5366682
22-2868501,5364587
74-2662919,5358914
04-3346273,5353557
91-1123302,5349658
52-1472546,5349405
31-1548849,5347684
36-4279013,5321467
36-2936229,5321309
94-2473415,5319888
59-2657051,5313984
33-0761254,5307442
36-4044632,5305172
25-1392652,5305120
27-1791162,5297800
94-3396038,5292399
26-1817966,5291675
59-3355555,5287939
46-3064675,5281658
38-2019397,5279340
81-2718273,5275498
81-5304541,5275117
93-1271399,5275089
56-0856992,5274207
82-4511570,5270507
59-1208322,5264500
46-4516976,5249968
11-3518767,5249829
31-1390077,5248994
95-1641435,5246472
22-2859879,5233526
13-3662917,5233513
65-0496477,5233007
33-0646517,5232816
84-1567838,5231711
26-0269131,5231630
85-0439315,5226924
54-1158412,5222702
23-1365983,5219514
16-0743137,5215308
65-0570899,5214211
84-1956561,5209192
95-3330218,5205860
20-1581289,5201483
22-2536909,5198802
51-0515711,5185367
11-3632924,5184908
33-0802554,5183293
57-0531378,5183052
04-2730898,5182864
71-1019574,5174031
59-0777827,5170372
90-0447211,5169884
27-1821066,5165176
23-7153017,5161944
94-3337955,5153622
20-0064007,5153585
85-0125045,5150779
41-1414710,5149308
23-7275283,5142945
80-0122334,5141652
53-0233715,5136432
86-0762610,5136190
74-1995879,5134586
57-0861107,5128082
39-1926815,5123290
74-2020505,5121133
86-0644388,5117655
36-3741040,5113317
39-0840589,5105926
75-2195702,5097356
59-3058884,5093583
61-1139529,5092552
36-4075641,5092041
04-2974983,5090868
73-1293008,5075429
52-1814344,5073698
43-0652648,5069438
04-2105825,5061990
02-0359239,5058911
43-1410297,5055363
58-1340903,5050221
81-0615887,5050190
26-0879378,5046081
81-5418757,5032592
74-2035878,5031856
26-3618722,5028626
51-0097026,5026892
45-5056874,5024322
74-2128141,5023390
43-0962293,5022139
59-3420727,5019578
56-2264009,5019332
26-4633127,5014834
04-2643466,5013343
77-0359133,5008356
52-1055687,5007801
26-3283639,5002721
51-0151069,5002538
91-1458226,4998119
23-1433892,4996176
74-2723627,4995631
26-1250716,4991930
81-3921100,4985687
36-2928835,4985246
71-0356241,4984323
13-4024259,4983700
31-1381901,4980903
59-0806978,4979549
83-1867782,4976091
61-1387338,4975851
27-2918478,4973727
77-0284682,4973575
04-2430193,4971017
20-1130252,4970177
59-3435235,4967041
36-3706878,4962571
91-0565026,4959969
23-7139744,4959093
39-6102943,4956529
06-1193489,4955847
94-2687079,4954386
95-6187083,4953384
54-1669652,4947887
26-1545078,4937256
82-0481687,4936386
16-1726574,4929028
93-1283716,4923662
04-2718182,4923592
52-1241765,4923421
71-0551941,4922534
13-3852957,4913173
81-0846103,4908458
95-3423566,4905895
76-0231008,4903003
94-3185529,4900521
62-1638832,4897610
83-2915874,4895818
20-5318898,4888771
73-0940217,4876215
13-3628854,4875850
81-4968942,4872950
47-4066524,4866339
65-0932032,4865700
81-0438469,4858903
57-1203361,4858389
20-0276988,4856713
36-2167765,4853821
71-0387858,4841366
27-2194956,4839856
04-2150651,4830851
95-3107635,4830237
74-1143057,4828308
74-1691632,4823586
77-0327992,4821139
04-2313571,4816707
27-0410088,4815118
11-2974154,4807003
61-0848948,4806714
36-3673980,4800264
23-2048664,4799723
36-2882809,4789391
47-0376597,4788785
39-0973879,4788102
20-1789905,4787142
41-0986780,4777306
91-2160616,4776316
76-0276330,4774598
93-1148608,4763775
04-2667808,4760450
23-7208431,4760048
71-0861654,4759070
58-2424268,4754539
93-1069203,4749913
74-1109637,4748268
26-4086284,4747864
31-0536658,4740702
36-3339009,4736056
94-2928341,4733561
02-0541202,4730784
84-0511799,4730536
31-1660671,4728414
62-1391365,4725559
46-1475038,4715114
13-3711840,4710790
33-0330233,4705670
57-0324920,4699728
59-1934721,4685160
59-3455949,4673719
36-2195470,4670669
75-1544507,4663405
58-1825565,4660397
27-2245867,4660122
26-3516121,4659786
94-2820673,4656730
62-1507789,4650912
62-0931089,4650545
59-2164525,4644061
13-3059155,4640326
86-6006566,4638473
22-3051362,4637554
81-0539964,4632014
52-1703994,4631677
54-0505872,4630860
68-0172229,4630406
61-1374470,4629154
20-8474909,4626913
43-0652636,4625762
38-1912094,4622707
20-0126713,4620568
54-1557043,4620230
42-1419181,4619132
95-3351710,4611898
04-3256236,4605541
59-0781650,4604845
02-0432242,4604438
57-0892070,4602501
91-1327775,4600745
46-3622732,4596154
01-0492643,4595930
84-1700955,4591129
41-0983062,4590246
59-1943399,4588876
74-2788317,4583579
56-1579041,4581072
85-0406306,4580150
59-0916076,4575628
33-0036556,4575621
47-2207552,4573970
53-0242038,4571912
59-0171815,4571606
91-2151932,4568518
59-3598427,4560525
94-1715280,4557219
39-1837474,4555548
20-3385755,4554265
94-6078420,4547516
35-1014213,4546994
74-1941943,4545746
95-4714047,4544876
43-1567500,4544777
54-0899463,4542037
34-1336325,4541277
46-0744397,4536938
38-1359511,4531501
68-0477330,4530759
14-1612290,4525124
54-0900644,4523536
43-0922133,4510996
59-1098499,4510507
86-0669087,4509774
68-0044205,4507482
84-1158819,4502190
26-2757636,4501766
82-0538372,4501198
11-3560625,4500483
38-1627080,4499973
52-1570713,4498731
62-1338748,4498642
77-0106237,4496794
71-0406286,4496489
93-0708637,4496254
46-2606773,4495789
95-3658291,4491438
23-2882145,4491050
74-2277114,4490563
74-1984499,4489997
84-0867773,4479863
52-1482678,4475481
59-1797499,4470223
13-3471350,4469828
93-0969979,4468341
62-0646371,4468239
04-2104264,4464840
20-1257910,4463955
13-3912768,4463640
54-1799922,4461414
36-2720602,4456182
58-1237316,4455761
91-1669422,4454780
22-2906547,4453715
54-1480544,4453510
14-1340139,4453112
86-0660875,4450095
23-2066952,4447729
56-1569395,4443928
13-1771421,4438438
94-3192750,4438307
13-2953240,4436089
86-1120719,4429099
32-0350542,4422808
27-2323103,4421917
87-0283745,4419429
41-1500950,4415109
84-0516736,4414461
13-3204621,4414432
27-5011913,4413451
39-1402851,4405653
51-0186054,4403767
31-1656186,4400747
85-3541509,4400098
53-0204626,4398801
13-2722664,4391713
22-1811616,4390427
65-0052657,4388240
94-3287468,4388152
65-0169781,4385458
51-0570498,4382588
52-1663825,4382572
72-1582755,4379567
23-7033120,4367689
58-0548732,4363820
84-0829068,4356175
65-0670031,4346799
59-6163303,4345570
26-3187608,4340458
95-3276033,4338235
68-0301692,4335979
45-3996413,4335690
56-0733452,4331071
61-0593951,4330763
77-0397354,4325205
59-2958036,4319708
58-1740987,4314160
94-3337754,4311313
59-1835985,4306183
94-2476576,4305857
59-2418228,4301582
58-1330830,4300523
26-0391438,4297846
03-0442514,4297015
22-3439175,4296419
56-0891921,4280239
04-6138418,4277599
94-2517075,4274445
13-6007082,4269048
52-0645783,4263838
06-0685118,4258653
52-2230932,4256947
57-1063332,4255420
20-2390142,4253425
81-3283869,4251266
65-1003163,4249325
74-3091110,4242254
51-0207684,4241413
95-4031055,4236592
20-1168284,4234794
95-3147421,4234113
84-0614285,4225099
46-4463807,4221544
26-0819262,4221003
27-0904821,4219535
39-6108644,4211360
05-0588761,4208231
82-1565477,4207403
35-0869067,4205413
47-0619855,4204912
22-2158627,4204491
04-3138284,4204401
59-1507595,4200434
13-4132348,4198987
52-1819203,4197408
33-0620415,4197275
34-6554586,4197007
74-1157849,4189002
74-1340188,4184717
13-3861648,4183398
80-0392843,4177097
27-0080400,4174639
20-1384253,4174428
52-1950426,4167777
23-7248316,4166107
35-2120680,4160922
75-2842602,4159461
93-1029197,4158568
85-0448396,4156320
26-2250997,4155933
20-1056421,4155189
36-3298143,4153574
94-3000301,4148543
94-3211245,4148102
45-4888353,4145496
75-1691230,4141423
27-0193587,4141372
94-3089631,4138516
82-0512146,4135308
54-0761510,4134616
86-0205254,4134508
27-1396021,4133933
47-0259720,4133857
41-1422893,4131969
51-0180665,4128478
75-0800699,4127813
71-0721742,4123873
75-1008422,4122592
93-1315162,4117146
20-1532382,4116740
51-0687541,4109728
42-1311721,4104662
45-2208063,4103042
91-1276578,4102403
54-0927792,4098538
51-0195216,4098400
82-4535615,4094155
33-0938499,4085452
68-0171371,4085213
31-1346995,4082387
27-5106242,4081409
86-1001113,4078065
23-2258345,4076987
06-1613235,4074795
16-1005972,4073348
94-6104039,4069634
20-3093292,4066615
46-0663472,4064734
94-3251981,4064307
25-1220005,4058659
23-1417505,4054691
91-1938635,4054317
75-2157839,4054234
54-1256309,4053245
43-0827852,4049978
75-0800642,4045492
20-0379279,4041684
41-1309977,4039886
54-1440734,4039611
58-2336332,4039533
74-2748374,4037334
95-1643977,4028877
36-3501477,4025234
85-0347650,4023137
22-2070381,4018720
95-3499011,4017064
52-2165072,4016388
71-0424427,4007535
27-3102098,4005375
23-7380534,4004664
95-4776451,3999970
58-1735540,3990621
58-1290439,3990090
25-0974324,3984072
47-2326975,3983573
06-1079879,3982385
95-4837709,3979962
43-0654857,3972769
33-0383691,3968148
58-2067479,3966958
22-3198464,3961853
30-0188234,3961028
04-3546770,3954478
95-3007419,3952556
23-2003915,3950794
20-4497306,3949169
73-0665495,3944943
61-1717498,3944717
47-4041494,3944696
74-1200110,3938315
23-2215441,3935160
47-0786622,3929309
42-0680421,3925202
37-1522665,3922956
26-1682601,3921455
73-0579296,3920755
54-2136099,3920435
31-0971249,3920291
05-0473340,3917815
68-0470557,3917558
56-1586870,3914860
33-0438086,3912294
46-2526799,3902480
95-4781974,3900788
20-2028975,3895690
30-0102842,3880605
22-3181507,3879789
94-3390196,3878180
95-1810150,3872443
27-0734969,3868610
74-2440649,3865173
04-3103354,3862905
26-2017043,3860461
31-1053467,3859145
20-1037177,3856716
13-4193728,3853200
36-3039964,3851008
22-2644556,3847888
36-3945814,3842968
26-3351005,3842920
31-1471766,3841395
27-3453182,3839352
56-2076795,3839184
47-5648923,3839027
13-3568672,3826759
73-1722348,3824826
52-1772595,3824124
25-1554580,3824098
59-3051533,3821530
35-2166123,3818877
47-5344606,3818005
46-3607865,3816537
04-3254507,3812674
68-0294846,3812444
06-1710161,3809617
84-1223691,3804835
71-0305700,3800587
35-2076939,3799823
26-4504468,3798237
94-2347428,3796189
95-2479833,3795284
39-0926339,3795133
04-2387225,3792862
45-3788065,3791993
58-2089068,3790070
77-0250773,3788919
74-2331114,3788217
47-0793765,3787900
38-2873188,3786396
74-2150288,3783556
54-1571849,3783196
94-2525231,3783155
59-1882749,3782815
20-3786129,3782414
26-1316408,3782041
23-7348090,3779153
54-0564901,3777893
26-2948811,3777274
57-0680248,3774841
41-0859485,3766614
56-1704863,3762737
75-2359704,3762526
22-2212538,3756976
74-1551417,3753267
95-1643333,3753054
43-2051509,3752573
61-1668192,3749712
46-4507696,3747545
71-0827418,3745937
04-2104250,3744980
23-1386177,3738000
27-0201126,3736520
86-0761030,3730734
23-7271040,3730481
23-1726329,3724099
94-1728064,3715900
59-2516162,3711972
38-1443378,3709862
59-2655523,3709345
80-0855060,3707927
95-1644608,3698505
47-0840990,3696203
39-0808510,3694105
91-2129474,3690803
77-0651682,3690526
05-0493226,3686851
56-2221108,3684425
95-4579268,3684079
20-8386654,3683772
36-4259477,3681003
23-7058853,3679450
41-1841352,3679374
36-3292374,3678995
91-0682177,3677949
04-2760272,3677279
68-0249296,3674793
20-4637089,3674018
43-0685348,3672262
84-3448887,3671033
36-3920008,3669292
54-1375465,3667366
91-2124405,3662096
36-4153559,3661400
36-3886772,3661085
13-3023259,3655324
47-0763769,3654082
03-0280726,3652583
23-2610145,3649958
74-2650190,3649569
84-0598116,3642268
85-0473384,3640595
81-3185002,3638656
20-3210841,3637032
36-4478803,3636841
23-7334590,3635258
54-2082237,3630786
57-1169538,3630763
94-3390149,3625081
93-0616957,3624231
03-0519569,3616755
45-2088800,3616336
81-0661502,3613314
45-2130904,3611947
83-1215288,3609327
45-2489069,3601465
46-1856641,3601318
23-7108090,3600246
95-2458879,3598793
20-8629591,3596585
94-2713281,3591910
51-0182614,3587104
99-0305807,3584785
59-2977907,3582567
81-2339233,3582158
23-2713126,3577831
82-6042478,3577511
01-0824858,3575582
38-1964011,3573392
26-1697250,3571483
75-1779401,3566359
74-2116380,3566009
26-4444438,3562552
65-0523165,3556353
71-0863568,3550904
59-3520130,3548244
84-1237197,3545456
86-0615007,3543262
20-1461313,3541073
94-2589423,3538389
59-1771210,3534094
23-7412105,3527564
31-1149085,3527085
20-0636360,3524242
54-0525701,3522103
74-2917659,3521253
91-1731833,3519609
84-1244211,3516248
47-1717393,3513150
23-1665590,3507756
26-0517415,3497191
06-0443990,3496557
74-2511974,3494132
74-1587880,3494054
65-0484034,3492716
94-3214572,3489872
23-1417540,3488444
06-1006312,3488244
04-2730954,3486419
13-4067116,3486106
26-2646032,3485396
58-2132383,3482713
61-1077481,3479389
94-2681735,3476517
86-0728990,3476030
59-0637816,3472390
39-1214216,3471120
20-0496814,3470740
25-1672667,3468810
59-2011016,3467088
20-1776950,3465678
64-0331635,3465521
20-8334578,3459248
04-3063140,3455552
23-7108030,3451855
25-1211464,3448877
85-0324625,3447216
20-8678122,3446525
52-2137825,3442587
93-0999999,3438261
75-1929755,3435984
33-1042042,3435603
74-1918313,3433503
45-2256540,3428052
57-1036204,3426488
27-1206961,3422970
16-1302764,3422145
36-4251880,3417086
98-0592591,3416908
45-0948760,3416208
06-0646911,3416145
20-1794209,3413805
95-1644058,3407767
27-4733824,3407344
38-1779460,3406249
68-0226944,3405574
51-0169463,3402914
13-3593806,3401185
43-1138252,3398540
52-1132262,3394943
20-3060929,3393180
73-0707328,3387870
13-2608326,3383292
26-1089584,3381477
27-3044487,3380836
52-6046504,3377046
46-1384815,3374544
15-0532074,3372877
84-0568546,3372820
64-0579585,3371777
20-1122039,3370010
14-1644567,3368424
94-2154614,3366017
57-0774530,3365874
59-1650909,3362411
73-1388569,3361752
26-2644682,3357588
63-0307953,3355419
62-0868869,3352667
52-1225979,3346394
43-1729078,3344059
46-1904997,3340795
20-0670312,3338619
20-1877757,3334901
25-1592420,3334615
94-2944732,3334574
23-7078944,3331845
36-2967283,3330308
20-8288754,3330299
33-0617741,3320192
36-3417278,3318924
31-1011430,3317980
86-0832160,3315214
13-1943644,3314522
77-0196692,3310534
20-2633437,3310058
20-8065915,3309858
94-2596075,3308948
93-0549842,3303921
20-5922682,3299049
91-1901103,3297299
74-2578266,3294853
91-2065038,3294443
46-2904827,3287575
42-1560891,3282169
53-0178883,3279461
95-3794678,3277104
41-1396238,3275649
27-1732322,3274904
93-0681311,3272972
25-1904312,3272430
74-2069592,3262498
74-2646586,3261685
23-1282405,3257989
31-1720017,3257479
46-5392694,3252434
75-2213291,3251348
45-5468732,3250788
58-2421574,3250574
54-0722037,3249456
93-0686170,3248512
95-4426350,3247086
47-1872208,3245169
59-1579415,3244176
86-2254152,3240521
75-1770140,3240139
46-0493274,3238875
13-3214627,3238290
36-2734966,3232601
26-1151754,3231880
06-0960005,3228226
46-3173337,3228113
61-0593023,3227853
04-3262577,3226295
82-1949714,3226260
31-1220252,3225426
13-3910567,3224747
04-2690064,3221637
52-0853501,3220841
48-0581965,3216199
68-0606330,3214591
65-0298299,3212831
35-2109955,3208307
31-0943024,3206451
65-0807808,3206392
85-0462470,3204703
01-0548371,3203962
86-0914408,3198883
95-2274560,3190166
94-2620758,3185251
59-2017511,3183331
59-2400811,3181545
94-2403876,3177189
77-0341707,3174485
52-1664577,3173631
62-1811578,3171319
91-2145470,3171012
36-3089796,3167829
31-1637431,3167616
52-0899001,3166013
95-3674624,3164689
95-2104089,3162480
32-0025293,3162421
54-1589809,3160462
46-1699670,3155103
23-1352255,3150887
34-1971847,3149980
34-4428659,3149201
23-7386928,3147856
95-6006417,3146841
93-0391640,3146826
84-0725560,3143450
20-0739420,3143185
45-3265365,3141834
41-1519855,3141742
91-1689158,3137824
94-1236934,3130493
14-1869352,3129530
93-1062448,3129413
06-0983819,3126140
47-2434992,3123789
23-1878791,3123395
91-1857425,3120114
74-2237306,3119683
34-0714398,3119556
46-2981774,3117015
36-3134577,3116718
13-1843420,3116050
46-0667855,3115829
38-1842281,3114103
06-1489575,3113532
62-0913689,3112892
83-1167436,3112755
46-0239786,3112754
36-4259162,3110168
16-1402497,3109537
85-0868142,3107673
83-0398572,3106254
75-1025511,3102585
94-3039028,3101811
39-0806269,3100355
45-3839973,3095650
25-1924934,3095486
25-1787030,3094398
23-1654975,3090919
94-3397768,3090471
23-2939247,3090364
86-0988329,3089244
94-2439581,3087780
23-1630073,3084929
20-2588279,3084267
23-2053144,3074644
46-2564702,3074525
46-4736278,3073052
41-1593900,3072491
74-2145368,3071353
93-1226092,3069181
03-0305264,3068901
31-1618925,3068348
48-0641821,3067305
54-0505884,3065730
13-2755214,3065269
81-1652178,3064131
23-7433168,3063188
95-1656369,3057694
74-2684333,3057326
56-2303577,3055002
95-3953979,3054953
02-0223606,3052535
94-2914745,3052443
46-4377579,3051450
13-4341859,3046555
91-1385373,3045731
83-1579781,3044504
27-2577059,3042219
54-1061820,3041997
57-0527092,3040147
68-0200668,3038453
75-3129705,3036876
52-2346578,3036550
56-1442966,3030640
87-0751247,3026881
33-0860449,3026565
46-4685540,3026232
62-0481801,3023314
46-3278605,3022292
74-2989365,3022061
24-0797026,3015261
54-0839234,3015223
43-1014311,3015105
04-3091002,3014375
74-2345786,3013767
37-1751688,3012595
11-2883503,3011690
04-3172737,3011381
34-4429426,3011378
58-1445328,3010198
36-2827480,3009759
38-3171570,3009567
20-0462905,3008949
47-2951572,3007669
58-2016070,3006545
74-2044953,3006035
56-2130300,3000681
95-4624707,2998939
91-2021165,2998617
61-6057856,2993668
27-0628927,2993421
38-2160250,2987802
31-0887471,2978564
04-2178889,2977497
51-0493526,2976692
35-0965609,2973918
63-0414826,2970380
23-2485020,2969896
04-2764514,2969544
54-1892252,2967227
27-3611908,2964539
33-0862531,2962133
04-2494773,2958890
14-1866709,2958131
72-1152784,2958004
54-1258296,2957319
93-0923866,2955975
65-1234981,2955456
33-0299356,2954503
25-1741353,2954052
51-0198932,2953984
54-1282756,2952777
47-0466144,2948894
75-2631330,2941228
20-2129318,2940977
46-4080792,2939787
94-3149136,2938928
38-6005710,2938902
94-3119458,2937182
33-0370296,2934165
04-2971480,2931535
43-1492878,2923144
54-1590790,2922660
86-0972675,2922336
54-1823934,2920818
20-1314342,2919431
59-3550575,2917250
58-1354139,2915730
54-1271758,2911343
55-0850279,2907092
52-1457419,2904667
35-0876341,2904502
58-1287799,2904092
74-2754850,2902907
26-1616736,2902262
35-1333698,2899754
13-6119036,2899434
74-1616827,2898412
22-3294530,2898323
83-3156982,2898075
59-3191962,2897703
93-0929618,2897247
83-1184822,2894805
45-5360995,2892154
74-1166783,2891384
94-2817843,2889776
52-1372359,2887812
91-1226978,2887121
36-3318158,2885558
58-1745787,2885296
35-2193471,2882916
20-2614486,2882226
58-1698233,2881186
58-2504713,2880650
03-0355283,2876292
43-1859283,2864448
35-2297207,2864391
43-1722915,2862511
46-2688472,2862136
36-4540756,2861204
04-3195772,2856613
45-2922471,2856299
84-0738419,2855733
41-1965977,2852378
57-1144097,2852048
59-3559150,2851121
38-3355698,2848907
24-0795519,2847652
31-1551770,2846753
95-6120630,2838912
23-7169239,2837014
58-2121860,2836417
91-1887623,2836208
94-2535820,2835021
94-1747227,2833642
04-3757857,2830881
72-1501261,2830461
26-1652936,2827087
46-5115573,2826364
35-1738809,2826263
13-3771206,2825904
47-2560196,2825317
84-0745911,2820862
22-2442433,2820169
54-1644387,2818773
85-0307043,2816297
38-1359589,2815991
20-0858549,2813866
94-2578166,2813849
20-5793076,2812096
77-0071036,2809963
52-1205675,2806881
65-1080680,2806472
45-4273449,2801574
35-0914096,2801269
56-1493369,2799867
13-6183590,2796584
81-4820272,2796484
63-0841545,2795919
27-1975049,2794978
06-1083735,2794548
38-2825019,2790200
46-1420690,2789240
93-1069099,2788211
31-1724698,2786813
45-4985621,2786437
59-3284175,2785655
38-2305297,2783157
81-0820021,2782702
36-3049386,2776348
36-3666952,2775892
45-1911940,2775354
95-4468225,2773946
75-3099628,2771920
13-1623994,2771445
59-1118672,2771436
91-1185727,2768836
71-0877008,2766805
31-0536654,2765074
27-4552700,2763663
23-1683461,2760013
04-2528542,2758537
33-0824881,2758068
36-3154700,2756856
94-1686314,2754454
15-0611509,2752985
68-0459131,2751729
74-1400228,2750956
52-1005984,2748299
41-1761118,2746947
43-1372690,2743236
57-0849669,2738677
39-1413448,2730695
54-1518603,2724192
47-2267437,2713744
43-1217498,2712297
90-0516757,2711988
23-7110058,2707287
52-2084049,2703823
47-1439557,2701004
36-4277029,2698359
59-2156540,2698351
30-0448081,2696262
75-2762501,2695023
56-2571141,2693470
46-4109067,2688001
26-3218152,2686015
23-2204761,2684161
20-1327278,2682283
62-1266942,2682229
41-1307457,2676358
36-3592066,2673222
57-1185029,2672102
27-4816668,2668047
47-3007704,2667215
94-3370919,2663504
74-2428161,2661046
33-0883460,2660990
59-1819652,2658998
33-0937301,2657914
90-0108854,2656405
95-3357253,2656246
36-3149827,2656065
45-2834070,2655536
56-2139120,2653922
74-2403373,2653513
59-3810480,2652992
13-3248876,2650152
46-3708327,2649323
20-0291592,2647279
33-0417450,2640884
57-1146474,2638495
71-0552563,2635221
57-0802283,2635204
47-0902114,2631637
84-1561923,2631165
45-3842245,2630810
23-2088969,2630370
81-0287507,2629330
33-0414855,2624938
94-3180356,2624930
56-2098739,2624654
26-3458029,2621905
54-1914671,2621750
23-2075900,2620297
02-0242389,2617890
38-2570420,2616260
45-2350728,2613951
91-0971237,2609460
52-2351630,2608679
74-2218129,2605212
41-1330241,2605054
95-6209203,2602685
94-3274972,2602529
95-4701468,2598885
52-1161473,2598201
23-7092572,2597166
54-1368484,2595945
31-1595414,2595464
34-1359225,2592918
52-0847160,2589358
91-2072298,2587866
81-3705299,2587230
27-1111529,2586766
54-1995917,2586112
81-5163032,2585355
72-1262466,2583173
25-1505216,2583167
58-1762829,2582558
45-3146771,2582339
75-2665054,2581048
06-0646773,2580455
58-1762614,2580088
41-0909036,2579573
41-1763181,2579150
33-0373000,2576774
93-1144835,2574606
57-0812738,2570942
34-1150124,2568310
06-0947027,2564616
23-2215980,2564403
38-3314318,2563665
74-2216041,2558806
95-1805452,2557738
75-2820473,2556478
05-0448151,2554271
52-1420138,2552137
46-3575713,2550639
20-8986703,2550565
65-1189895,2547624
13-3993633,2542861
20-4457248,2540220
23-7348118,2539581
51-0516206,2538070
56-2614329,2537452
27-0427930,2536239
41-0694713,2533994
26-2587784,2533863
47-1570910,2532454
33-0704378,2529720
35-2121568,2529639
72-0456905,2527809
74-2337853,2524184
22-2360736,2517146
01-0518193,2515803
95-3526934,2512886
33-1071771,2511529
56-0816296,2511481
94-2598256,2510081
23-1425055,2509603
31-1607866,2508656
16-1569356,2508132
56-1278004,2504062
58-1281657,2503527
20-0943038,2503527
27-1193704,2503136
23-7432820,2503020
46-5757256,2501736
36-3919018,2496116
23-1969810,2494879
31-1069575,2492697
68-0118032,2492347
14-1708404,2491139
23-7250068,2489933
85-0283292,2489853
58-1291607,2488827
30-0084616,2482124
58-1329248,2481594
95-4806856,2478536
23-1365361,2477035
75-3027143,2476326
61-0492369,2475409
47-4358886,2475044
75-2217559,2474881
35-0877572,2474427
05-0394224,2473652
57-0785521,2472080
04-2987534,2470734
34-1375936,2464791
04-3762842,2457191
54-2123478,2454886
38-3722092,2454674
74-2168515,2454023
57-0760599,2453809
23-7444790,2452758
45-5242323,2451996
03-0362565,2449223
51-0070966,2446544
23-1656050,2444831
59-2137331,2441913
94-2671824,2440964
06-1130830,2437371
84-1188208,2437132
91-1512717,2436819
91-1684691,2436610
46-4577178,2435770
74-1143055,2435201
23-7220259,2434734
57-0853132,2433635
59-0939466,2433130
94-3176726,2432032
36-3873652,2430391
80-0373809,2429703
25-0984598,2426875
23-7404362,2424097
54-0880233,2422536
47-3110713,2420576
27-1185128,2413061
26-1559274,2413017
95-1647800,2410178
26-0096240,2410149
26-2513136,2407395
30-0292775,2404344
43-1856223,2403475
82-5393648,2402953
20-0792574,2401770
45-0227018,2398573
59-2283508,2397482
27-0288159,2394985
83-4688357,2391450
25-1045694,2391128
47-0762798,2390575
27-3152104,2389948
06-1030028,2389574
85-0332879,2386379
77-0357297,2385409
27-0005595,2382844
36-3200465,2382264
27-1154816,2380782
38-2620824,2379624
94-3038202,2378480
54-1875619,2377857
23-7108045,2377257
94-3364364,2377191
54-2178438,2376578
26-3275886,2376241
94-1719649,2372254
38-2314954,2369624
23-7429170,2369090
54-2073930,2365699
47-4750764,2365354
47-4589916,2364053
23-7447365,2363454
82-1260951,2363000
27-3273118,2362348
16-1441078,2361705
52-1911806,2361069
20-3714244,2360112
88-0444732,2359817
01-0582371,2357673
46-1775208,2356159
47-2329595,2354240
46-5269625,2352763
95-3371166,2351419
95-3239788,2349663
39-1657328,2346923
94-3030996,2346562
58-0678817,2342951
26-4521779,2341523
51-0138232,2338974
22-3799632,2337731
21-0694373,2337712
56-1422691,2337288
77-0526117,2337108
43-1532267,2331773
86-0098936,2329526
74-2333088,2327387
23-7365077,2326831
66-0396395,2326468
26-4644018,2322954
27-4987364,2322558
94-2814246,2322340
94-1739027,2321707
72-0503930,2320617
81-4604206,2315591
20-0031641,2314333
65-0056218,2314120
23-7092484,2312744
45-2470692,2311542
76-0579697,2310960
38-2517980,2310483
05-0352796,2308048
23-7334637,2303516
91-2065051,2301127
84-1150815,2299981
44-0641486,2298710
56-1522499,2297979
56-2544586,2295946
58-1168874,2295862
75-1305705,2293700
27-1606167,2291958
13-4045021,2288689
46-5124059,2286554
94-3292116,2283820
74-2505406,2282178
06-1387081,2282084
20-5359559,2280643
84-0840653,2280034
59-0951529,2278857
23-7439079,2278511
52-1885486,2278186
47-2364966,2277458
74-3252737,2277011
95-4704879,2274278
26-2504678,2272444
94-2297746,2272224
23-3017858,2271279
91-1821187,2271072
58-1916544,2269300
43-1720451,2265343
85-0457916,2264316
80-0078300,2261589
41-1322769,2258980
95-2920990,2255808
25-1509595,2255058
75-1823701,2254623
83-4228740,2251473
27-3006526,2248754
55-0901604,2248152
23-7380943,2245854
22-3199801,2244469
72-1205164,2244361
75-1985674,2244288
45-4105820,2244096
32-0100540,2243678
47-4896980,2243493
30-0598378,2242973
65-1054347,2239297
84-1462044,2235395
27-3797852,2235317
95-1919219,2232667
59-0913326,2232312
06-0985421,2231525
06-1380472,2229141
36-3647731,2228766
95-3130408,2226395
38-2558965,2224983
45-2610533,2224285
27-0300026,2223411
63-0762151,2220263
62-0586090,2220080
27-3092011,2218583
68-0046163,2218369
23-2862064,2217069
06-1462359,2216288
92-0141715,2215412
94-3227237,2215401
46-2391112,2215318
47-4798338,2214348
56-1413188,2205141
45-3245622,2204258
16-0743025,2203794
22-3670025,2203522
56-2210571,2201615
16-1462696,2200570
56-1564376,2198502
52-2276602,2195413
60-2157596,2195321
27-1237249,2195262
75-2747809,2190663
52-1804860,2189610
95-3255012,2187631
57-0988275,2187540
20-1789293,2186450
58-1675299,2185786
23-7260197,2182444
39-1548887,2182300
47-1813490,2180000
22-6094179,2179263
22-2879323,2177694
38-3273825,2176768
26-3658409,2175689
81-6014902,2174760
37-1430158,2173600
27-3444564,2168857
41-1326631,2168522
76-0838983,2167930
86-0739613,2167408
58-1366718,2166897
46-4838094,2164566
20-2917133,2162489
39-1393171,2158929
31-0620685,2157844
77-0716253,2156313
82-3920554,2150812
20-8077416,2147013
23-7068923,2146192
57-0722206,2145923
46-1538094,2145290
75-2400158,2139481
58-1401456,2138500
48-6063403,2136238
82-1971330,2134929
43-0666742,2133804
63-1186365,2130927
45-1806143,2129966
45-3059509,2127449
38-1720832,2125520
04-2983234,2124059
54-2058374,2118029
82-0563117,2117416
38-2596981,2117153
14-2004438,2115221
13-4122438,2112517
27-0732786,2112295
84-1354844,2111014
38-2739180,2104529
94-1225368,2102002
04-3490827,2101971
34-1341527,2100423
41-1718029,2100028
45-4663991,2099490
23-7376100,2099195
87-0687610,2098445
23-7298482,2098182
74-2370522,2097628
43-0652678,2094162
59-0768265,2092780
27-0852084,2087437
62-0842531,2086212
34-4428258,2083619
27-4216064,2083391
37-1260796,2082999
68-0230597,2079210
38-3142753,2078265
59-0806983,2077611
38-3463298,2074436
45-2324172,2073119
36-2608742,2069854
38-1256680,2067640
57-0620182,2067295
23-7064937,2067084
31-1519675,2065378
23-2775806,2062108
27-1822749,2061086
74-1759254,2060417
22-2542960,2056181
23-2308332,2056126
51-0200138,2055150
36-2317631,2049335
46-1290517,2049311
95-3026060,2048858
73-1357030,2048106
41-1856806,2044536
81-5467641,2043196
62-1164825,2042922
73-0679351,2042689
58-1698701,2037176
47-4691807,2033480
36-2937848,2030713
26-3725699,2030659
56-1830629,2029343
38-3039929,2028346
13-4237286,2028121
95-6037070,2026658
76-0653562,2026120
72-0986472,2018475
48-0908425,2018185
75-2488486,2017092
85-0283204,2012813
36-2969526,2007738
36-4427750,2006681
36-2181970,2006028
47-0958489,2005617
59-3675485,2004459
23-7410586,2003265
83-1628641,2002921
02-0587875,2001170
77-0296087,2000679
38-2854143,2000161
54-0735666,1999742
27-3827740,1997405
63-0328643,1997366
42-1651737,1991611
57-1068943,1991259
63-1025487,1990308
58-1766060,1989958
23-1919016,1989679
20-5323335,1989022
25-0965412,1988387
47-1528452,1984367
82-1922472,1981323
42-1204613,1977649
30-0037131,1975410
51-0256896,1974525
82-0547746,1973515
74-1947967,1969487
33-0912735,1969414
85-0481104,1967736
61-1493378,1965444
81-0365291,1963844
38-1912803,1963615
25-1818234,1961378
95-6111696,1958552
82-4401634,1958419
26-0158723,1957884
68-0413822,1957832
58-1623141,1956700
31-1002913,1955923
01-0590704,1953685
27-0176563,1951426
22-6075831,1949281
61-1370614,1948939
56-0796221,1948931
20-1989492,1947998
84-1800611,1947928
47-1445061,1946703
23-7323006,1944581
76-0326979,1943445
81-3707643,1939340
27-3133200,1939018
75-2231077,1938937
54-1882970,1936674
75-3139219,1936602
31-1717077,1936011
56-2189635,1935417
54-1646071,1934013
22-3478143,1933973
45-3754114,1933765
52-0893511,1931495
31-1051378,1930904
25-1401610,1929568
20-4377921,1925048
75-2417472,1920930
52-2259318,1919245
47-2876497,1917026
32-0171681,1916498
59-3151613,1913731
22-2672209,1913490
36-3252809,1913404
23-7140024,1911741
20-0210688,1911052
23-7380624,1909227
06-1770896,1907383
35-1776518,1905536
36-2997680,1905022
41-2278265,1904829
31-1775429,1903992
36-2441177,1903496
54-1995429,1901153
83-1493724,1900270
56-0886647,1896958
46-1407932,1892913
46-4687212,1892581
61-0986164,1892558
54-0506490,1891436
43-1454628,1891376
13-3593812,1891149
56-2559756,1890069
83-3592629,1889837
56-2245026,1885876
82-2064693,1883846
36-3333949,1882492
31-1162331,1879888
43-2112710,1879127
95-4076361,1877230
43-0714369,1876310
33-0518078,1875259
37-1276816,1874478
77-0384453,1873324
52-1277427,1872899
41-0874541,1869642
41-1931304,1867971
27-1078786,1866952
23-7069159,1866896
56-2440451,1865867
59-3198934,1865821
45-3081114,1861376
37-1151152,1857536
62-0637710,1856415
95-2266749,1856325
45-2442802,1854326
56-0579600,1851760
94-2805076,1850985
36-2807341,1850473
30-0594051,1849434
91-1178405,1844758
35-2151003,1843803
74-3090585,1841835
83-0402246,1839332
38-2038528,1839246
52-2076894,1837950
22-2137333,1832727
27-1604121,1831100
26-1892969,1830629
83-0806426,1829588
84-4620762,1826662
86-0575242,1826204
87-0308785,1824178
26-0809074,1823607
52-0567970,1822689
74-2238462,1821768
74-2446390,1821483
04-2227431,1819619
95-3370703,1819179
39-0826101,1818646
56-0936674,1816120
75-2739419,1814883
56-1935926,1814518
58-0515884,1814142
57-0485356,1813122
13-3424844,1810250
20-5274049,1806278
95-1855645,1805411
46-2914731,1804180
75-2178327,1802777
87-0426671,1802111
02-0342104,1801789
38-1675000,1799549
82-0535692,1798794
68-0375462,1797876
99-0107563,1797431
36-3180725,1796955
93-1241474,1795235
56-1656943,1794897
34-1252554,1794733
34-1723305,1790001
38-2058667,1785872
20-3184240,1782923
13-3378456,1782220
94-2378104,1782070
43-1863752,1779400
46-3220762,1778793
93-6041506,1778141
38-3046882,1776587
26-4042151,1776241
95-2248919,1773762
62-1022117,1773558
61-1315605,1772160
34-0714820,1768845
39-1997970,1768048
68-0193683,1764208
95-4457394,1764025
35-2171298,1756788
46-0336514,1755432
82-0481812,1754772
20-4314076,1753546
51-0225010,1751993
31-0986769,1748247
47-2859426,1746949
59-2632869,1746255
26-0779977,1743457
20-3305890,1742802
94-3227346,1741737
41-1760632,1735088
57-0932285,1732610
75-1330752,1732407
83-1055723,1732251
03-0375886,1729129
80-0012629,1728150
74-2225140,1727906
20-1565775,1727824
94-6121751,1724352
36-3107283,1721237
51-0242942,1720771
95-2552382,1720636
26-1714340,1719924
23-1607172,1712626
27-3515067,1712250
59-2212954,1709193
46-5310610,1709148
81-1173644,1708824
36-3018276,1707697
96-0002543,1705282
77-0719656,1698832
85-0242274,1698110
52-1271888,1697926
20-4698227,1697774
56-1951952,1697300
45-3035382,1696414
20-3153855,1688469
26-3196544,1686532
82-0559940,1686357
20-3415545,1684021
46-1158857,1683829
95-4047805,1683439
84-1595852,1682946
91-1471384,1679319
02-0358724,1676506
94-1599229,1676377
94-3227947,1675335
38-3042396,1675085
95-1775142,1674117
23-7417420,1673267
36-3711203,1672785
43-1648039,1671457
45-3832438,1668720
20-1443960,1665956
47-2581032,1664171
74-2502054,1663815
62-6066210,1660837
47-1266446,1656361
36-3298168,1656141
47-4615131,1653854
58-1715420,1651626
36-4284473,1651270
20-5196210,1646276
26-4037161,1642774
61-1339185,1641985
22-2482872,1640392
86-1943473,1639432
23-1901080,1635973
54-1360535,1635693
48-0921732,1633176
04-2111215,1632583
04-6136989,1632438
22-3825867,1630035
36-3718141,1628486
95-2151829,1627871
13-3355074,1626979
27-0376748,1626092
91-1878632,1624786
84-3739888,1623900
81-3419904,1623169
90-0520600,1622673
25-0979365,1622538
13-2556242,1621196
03-0472883,1619513
81-2212427,1618634
20-4515040,1618512
23-7052345,1616452
45-5098692,1614276
46-5456475,1613977
35-1750659,1613822
65-0118944,1613590
34-1657171,1613122
56-0678985,1612558
33-0374224,1612225
94-2837552,1609763
81-5190566,1609531
77-0151434,1606400
02-0261932,1605719
35-2067284,1598275
52-1984719,1598262
14-1563740,1595937
20-1831970,1595074
38-3381808,1594834
31-0818511,1592191
26-3865869,1590251
45-4887611,1588514
54-1806879,1583750
58-1883895,1582825
91-2073087,1582437
13-3968225,1580812
33-0441816,1580219
27-1481728,1579694
04-2862401,1579662
36-3555530,1577481
58-1211155,1577109
83-0370609,1576638
58-1109087,1576232
74-1364915,1576174
38-2058301,1574944
02-0712905,1572387
84-1550819,1572153
20-4748799,1570536
26-1103492,1568549
26-1395425,1567112
75-6067812,1566807
20-3604576,1565335
47-5375511,1564835
83-4200317,1559390
20-5218569,1552292
71-0348993,1552287
36-3501938,1549281
36-4556466,1547422
30-0681223,1545545
59-3129752,1540715
45-5392245,1540238
56-1655255,1539919
68-0652444,1539310
23-1429866,1537380
47-4003520,1536864
20-3526239,1536709
46-0651192,1535038
56-6088141,1534754
51-0180488,1534359
02-0400769,1533126
23-2528819,1531690
46-1536234,1529774
23-7175191,1529415
63-0867285,1528505
74-2548761,1528312
58-1440585,1525463
27-0526744,1524262
23-7098748,1523148
94-3105555,1516130
36-4268793,1515509
83-1080279,1512672
61-1562223,1512320
45-1270786,1510673
81-0506955,1510238
31-1074018,1507845
83-0234545,1506693
26-2490827,1506051
47-3046264,1505784
23-7362601,1504218
36-3387034,1502268
26-1706426,1502146
73-1622804,1500148
20-5643050,1499541
20-8900737,1498588
06-0653158,1498143
36-3460409,1495064
59-3618761,1494504
63-0899081,1493599
74-2357211,1492810
26-4031411,1490236
84-1048149,1488018
45-0735926,1486867
23-7456842,1486556
42-1724770,1486408
05-0519694,1483062
32-0082340,1482416
23-7437867,1481317
61-0929277,1478535
23-7328597,1477010
80-0251526,1476609
20-8466866,1472393
20-1602122,1472336
84-0500375,1471285
45-5081831,1470672
38-1689200,1470436
45-2901666,1468168
85-0113191,1466255
81-2111126,1466124
20-4418873,1465391
80-0345608,1461902
26-2477597,1461023
83-0502889,1460556
54-1927904,1454765
59-2935027,1451808
74-2553659,1449756
31-0904247,1449275
84-1266231,1448800
20-2263860,1447501
22-3181832,1445286
54-2011119,1443600
47-4452184,1442678
20-0088952,1442170
20-2150714,1441780
75-1911978,1441318
46-0800614,1441156
27-0062812,1440378
62-1303874,1439884
27-3460268,1437952
33-0782841,1435328
54-1566451,1435167
04-2753429,1432208
68-0259665,1430723
23-7300162,1426307
35-1182938,1425116
80-0362127,1422676
82-3007242,1422399
03-0399261,1419185
45-2047833,1415124
36-3822848,1414903
71-0676546,1414829
80-0785628,1412785
93-1159778,1411364
20-4644590,1410463
03-0362954,1409984
38-3571989,1408991
27-1134733,1408172
27-1655016,1406964
04-3585445,1402854
74-2634069,1402239
26-0323282,1401592
62-1238499,1398104
13-3104476,1397200
23-7136747,1396079
85-0364261,1391939
56-2086784,1390161
04-3001787,1389852
47-1191643,1389647
58-6011441,1388930
34-6560923,1386436
57-0342030,1385568
63-0743701,1383117
56-2248495,1380234
27-0490589,1376584
30-0200022,1375638
32-0086097,1375285
20-4196658,1374109
01-0662680,1372062
76-0415338,1371301
87-0499405,1370433
26-4472656,1367035
39-2042797,1364181
27-0970476,1363943
94-3158295,1363274
43-1752410,1362228
45-2720052,1361860
76-0173176,1360300
47-0457872,1360294
22-2718636,1360037
27-0540451,1359173
74-2841791,1358070
45-5138803,1357367
26-0018141,1356760
26-0659245,1356541
36-4432079,1355957
26-2703774,1355616
39-1030611,1354160
59-2311666,1353999
11-3692512,1352900
04-2786576,1351454
26-0020294,1349865
06-1064857,1349405
75-2736992,1348573
46-0982054,1348434
74-2624729,1347917
03-0359346,1345864
34-1308480,1343023
46-4930592,1341658
20-0801622,1340886
58-1414606,1340744
13-4229276,1340458
57-0331635,1340108
26-0000127,1336761
45-3800583,1332649
58-1775882,1332253
83-2766318,1330960
56-2054871,1330911
47-0902020,1330753
26-3594555,1328998
51-0186073,1322454
20-8499098,1322276
47-1968315,1320972
84-0820084,1315082
95-4554570,1312845
23-2000206,1307035
03-0278594,1304526
16-0743999,1301281
76-0807330,1300040
41-1290707,1298850
04-3298538,1297494
77-0160288,1296272
82-4842206,1294581
86-0865368,1292805
26-3948215,1289347
45-0365598,1285591
61-0894961,1285306
26-0545877,1283877
31-1415701,1283136
43-0994417,1282103
91-2072330,1276298
23-2074061,1273803
93-1276816,1271037
74-2736849,1269508
20-8117872,1267635
74-2148804,1266120
27-0583447,1266077
20-0820589,1261939
38-2672879,1254215
20-5163417,1251132
82-3064180,1250190
20-5184429,1248904
74-2488628,1247874
16-1119831,1245345
81-1305235,1244224
46-2857532,1242678
54-1522705,1241493
20-4928141,1239972
20-2661354,1239328
45-4242425,1235824
35-1062235,1233752
83-0885411,1233506
33-0035455,1232200
45-4708248,1231803
41-2275864,1228936
20-8155890,1225750
76-0347164,1222460
61-1185631,1222449
32-0017011,1222442
06-0938101,1217918
26-0670177,1215384
26-1718666,1214116
51-0211835,1213425
23-1352260,1212995
47-4232704,1212939
95-3119081,1209653
02-0673474,1207245
74-2434330,1206296
52-1414408,1205463
22-3559611,1204825
91-1585511,1204569
20-3821478,1203659
74-2232440,1202148
58-1967768,1201096
45-3861248,1199340
74-2723088,1198638
82-4594246,1197314
95-4791296,1196230
20-3645945,1194203
43-2104829,1193487
64-0750547,1192782
33-0009949,1192692
85-1261131,1191785
81-2889340,1191376
20-4944165,1190938
26-2119465,1190928
23-7182685,1190309
35-0867980,1188743
56-0938521,1185581
26-1514118,1185174
61-0461759,1183925
56-2376877,1181504
83-0598989,1176521
75-2849153,1171720
74-2050052,1168628
81-1264257,1167086
04-3065810,1159453
30-0067482,1158974
26-4832772,1158745
35-1108615,1158263
26-2222571,1157998
31-1411495,1157578
46-4095781,1156965
27-1214049,1155722
77-0166797,1154092
94-2250551,1153748
58-1514410,1151000
23-7098832,1148235
54-1964259,1147893
01-0765907,1143986
35-1277849,1142149
75-2872010,1133227
46-2332714,1129606
20-4297703,1129294
20-3534560,1128649
65-1163122,1128363
87-0494681,1124844
94-3080142,1121911
20-0526710,1121533
45-3645077,1119387
27-4378916,1117399
94-2540980,1114424
81-4436479,1111860
31-4379811,1108140
95-2561330,1106103
14-1536118,1105812
27-1458930,1103136
42-1222154,1102496
82-0991622,1100039
27-0842642,1098533
83-0333159,1097089
91-1904304,1097068
31-1045334,1095054
61-1640339,1095016
85-0342062,1093515
57-0789205,1093320
95-3760212,1088438
36-3881109,1088240
52-1975211,1084662
20-1578048,1084460
73-1352753,1083759
22-3671890,1078025
46-0687975,1075902
03-0230490,1071479
68-0350642,1069849
04-3411388,1064918
85-3685167,1063107
23-7116161,1062453
27-2021983,1058819
35-1577679,1057919
94-3403801,1057713
23-2121691,1056707
22-2614286,1055916
23-7269692,1054848
61-1351706,1049550
45-5337441,1049243
52-6050771,1044993
26-1389957,1044171
26-4610450,1041916
68-0328590,1041711
71-0420376,1041075
47-4997229,1039414
45-2243846,1036107
45-4648918,1035413
62-1613447,1034996
54-1713204,1033755
26-3639206,1033597
47-2756880,1033427
26-0736033,1032635
65-1203900,1031724
51-0394850,1031345
51-0666677,1029760
11-2865518,1028234
26-2480207,1024140
22-2111573,1021827
92-0172389,1020287
63-0500374,1019555
81-3440555,1018789
81-0531532,1018578
48-0802260,1016403
27-2753489,1016093
45-4928276,1011199
20-2468226,1010614
33-0071613,1008675
02-6006374,1008360
23-7377601,1006980
23-3045020,1006618
45-0419491,1002523
81-5071835,997061
58-1846210,996744
86-0917748,993698
71-0508968,993614
30-0268598,992925
91-1569204,991573
39-1671687,989486
64-0642220,989236
52-1268749,984906
46-1973615,983290
54-0930168,983158
61-6041002,982016
81-0594016,981246
63-1028950,972116
39-1854762,971353
58-1346534,967197
46-0350199,966241
52-2320930,966161
46-5767894,965107
16-1535203,964663
26-3521896,959530
26-0799250,959526
46-3792734,958430
73-0735290,955473
74-3089412,954686
46-5389473,953302
30-0193514,946698
58-2058358,943011
95-3688214,942101
43-0722936,938037
52-1591455,936727
42-0844679,936578
83-0398405,936192
87-1238427,935198
54-0891035,933833
27-0743821,926000
86-0098937,924568
37-1184962,924060
39-1451323,923969
46-1308463,921849
77-0390117,918020
20-4396207,917384
45-5273875,916217
75-2067421,915769
02-0484723,914003
95-2142369,911425
56-1272201,908153
20-5696782,905383
77-0024688,904465
91-1477518,903159
31-0846147,902958
31-1810713,895634
20-1458881,895582
57-1035414,894080
58-2540031,891991
27-1615273,887365
74-2458697,885502
82-2510792,883550
84-5135219,880181
58-1836963,878574
41-0975429,875121
81-1076289,874614
27-3512516,867410
20-1221107,863659
27-1438256,859343
74-2934053,858720
26-4794709,850294
23-1912101,849402
23-2942380,843399
27-2497163,840748
95-2430743,840514
26-2212927,839071
54-2139891,835993
20-8433997,833054
80-0672086,832537
25-0965431,832184
31-0815496,828659
47-5123903,828045
57-1051611,821655
26-3982965,818131
81-2726747,818120
77-0310237,817035
76-0068922,816560
16-1002936,813569
30-0603029,812041
81-1656070,809682
39-1887658,806634
31-1618706,805857
76-0324439,805369
23-2081984,804746
26-1416560,804490
36-3461739,799826
03-0409118,799214
20-1854310,794328
73-1461935,790588
27-4383002,787990
62-1597366,781391
72-1585854,781193
45-3111151,781090
34-1208942,777063
46-0487078,774662
47-1338104,772381
86-1056098,771950
54-1118218,771517
22-2417627,765304
82-1542836,764922
23-7376151,762690
23-3088228,759252
63-0892496,757768
35-1122204,755957
47-3564801,753878
23-2644076,752254
63-1049338,750328
04-3491690,750016
56-1252307,749051
45-2793438,747243
20-2058235,746872
35-1710780,746302
30-0590424,744942
30-0136132,743177
27-1522343,742956
16-1772171,742505
11-3055131,742206
13-4125884,741393
46-4993274,739517
77-0119210,734419
58-2440385,733844
27-1543937,733307
75-6046116,730284
46-4178616,727632
41-2006052,726699
06-1749252,725398
23-1490049,723699
31-6059871,723285
27-0234541,722520
36-2472249,721439
23-0985220,716647
58-1635762,715448
20-3396421,713467
37-6045284,705353
52-2284294,702881
33-0051841,702278
27-3274582,702190
93-1065518,696221
27-2306206,689359
51-0350650,682952
47-2262474,682307
46-3619546,681088
27-0094780,680569
22-1692677,677699
61-0996520,670883
38-2787387,667178
47-3929351,666607
81-2934607,657883
73-1223880,650630
81-4201854,648880
20-8514733,644811
23-2712821,644571
47-2389424,644540
27-1891336,642680
47-1324990,642148
02-0316192,642107
45-4496745,639963
61-1245271,639118
81-0236853,634898
20-3681041,634480
84-1377794,632521
82-3344499,623255
27-3491027,621864
83-1431925,619978
74-3253195,618651
23-7075024,617801
36-4551681,614213
51-0172256,610598
82-1946648,606967
47-1761898,606510
47-0690846,603394
41-0722639,602900
59-3338595,599710
20-5113402,599693
42-0681048,592797
20-3541638,590806
06-1629249,585168
82-5300482,583488
83-2246745,582078
03-0550884,580979
04-2258213,577510
82-4727381,574637
06-6026006,573675
23-7079373,568270
47-2977347,564218
27-1127691,549924
47-1696834,543826
34-1772429,543612
45-2060520,543025
45-3369747,540208
56-0706013,535169
06-0964602,534860
59-0993499,533896
66-0741766,532917
38-2831910,532379
82-3586544,531502
84-2263257,528434
80-0724941,525880
82-1746267,519368
22-3064328,512262
23-2196098,511966
27-2306632,509751
94-2894323,508487
85-2482031,505950
27-0743419,502860
47-4874487,499843
46-5369024,498053
82-5199761,496129
82-3587478,494553
86-1068374,488983
45-2466306,486449
82-2835051,479824
01-0583325,478447
26-2475885,477237
27-0848612,465090
04-3454124,462704
36-4644941,462151
81-3325075,460873
47-4946303,457258
83-2653099,457088
20-2242921,456038
46-1577158,454815
13-4294962,453669
33-0547951,452906
82-1582933,450155
82-2096738,446501
81-4727276,437277
83-2289554,431603
26-2341918,427393
54-1139299,426590
27-2305440,426029
47-2143964,423993
45-3843966,420884
48-1046905,419287
04-2725417,418987
41-2014011,416127
63-1287103,414012
85-1805897,411663
23-7070410,406079
94-3122524,401099
37-1751940,399268
47-5082306,395345
86-0371898,394285
86-2748481,391897
80-0819684,389760
58-1497814,389651
45-4618262,388137
62-0912261,386469
46-0597938,385667
61-0662959,385423
20-4006019,384566
37-1282554,383235
87-0720574,375000
26-1761651,372677
33-0591445,371950
26-4809327,370373
46-2582703,369357
26-1380932,366831
65-1308656,366620
20-1002278,364967
22-1890880,361642
81-2624103,356602
43-1083737,353382
27-3487948,351867
48-1168625,348395
37-1490937,346437
45-3466233,343970
82-1417970,341242
81-4252073,340050
75-2641707,337605
82-4390107,332722
13-4221810,331580
30-0019352,321474
27-3553078,320318
81-4927833,319636
84-1880295,316708
47-5208674,316307
20-8381814,315660
87-0813161,314841
26-3499455,308190
22-3087622,303221
27-3309011,300006
46-3063555,296538
81-4227664,295520
20-2411268,295092
76-0450397,281929
27-1830464,281089
43-1293166,278428
83-2280075,275930
37-1710751,271510
95-3201899,268751
26-1384627,268730
47-4235862,266489
92-0082750,265811
02-0428719,263081
47-5163605,260354
85-0828323,252796
33-0282767,251931
56-1713289,251481
83-4593276,250333
75-2774571,248751
27-2813668,242966
20-3797097,242580
33-1147644,240620
46-5637972,237349
26-1426175,237185
84-3773388,236749
45-4514424,236058
80-0227444,234693
45-3772653,232034
32-0410678,231419
47-3373120,229705
85-1316184,225496
61-0530107,223091
95-4531367,222837
74-1619603,217915
46-3139416,217898
23-7442304,217505
46-0661655,211361
98-0120837,208528
85-1852075,207180
81-2667531,206569
51-0172721,196492
47-2896125,194689
82-3282038,189568
20-1148737,179840
75-1780919,177715
20-2027708,172698
68-0030247,170996
81-3749088,165277
52-1299511,165178
27-1273887,157474
82-0691555,157029
26-4540518,145714
43-2046806,145328
76-0793022,142109
22-6094180,105263
81-2870845,103433
47-4993870,101062
84-1927951,95344
52-1511773,76769
58-2036727,75606
26-4729772,65679
46-3933730,63192
20-2597039,58018
72-0989485,56629
80-0953424,55019
81-0997990,51800
88-2416913,50236
26-0275981,47573
56-2266850,40661
05-0621941,39473
47-1692867,27376
14-1947099,19170
85-2375448,0
06-0801966,0
85-3261449,-246091
